Feature,Anova,Boruta,DyGraFS,GFSIR,L1 Logistic Regression,Mutual Information,RFE (SVM),Vanilla RF,Variance
original_firstorder_10Percentile,80.0,40.0,60.0,0.0,60.0,0.0,60.0,100.0,100.0
original_firstorder_90Percentile,80.0,40.0,20.0,0.0,40.0,20.0,0.0,100.0,100.0
original_firstorder_Energy,0.0,0.0,20.0,0.0,0.0,0.0,0.0,100.0,100.0
original_firstorder_Entropy,20.0,0.0,60.0,0.0,40.0,0.0,0.0,100.0,100.0
original_firstorder_InterquartileRange,0.0,0.0,0.0,0.0,40.0,0.0,0.0,100.0,100.0
original_firstorder_Kurtosis,40.0,0.0,60.0,60.0,20.0,0.0,0.0,100.0,100.0
original_firstorder_Maximum,0.0,0.0,20.0,0.0,20.0,20.0,0.0,100.0,100.0
original_firstorder_Mean,100.0,40.0,20.0,0.0,60.0,20.0,60.0,100.0,100.0
original_firstorder_MeanAbsoluteDeviation,0.0,0.0,20.0,0.0,0.0,0.0,0.0,100.0,100.0
original_firstorder_Median,100.0,100.0,20.0,0.0,60.0,80.0,100.0,100.0,100.0
original_firstorder_Minimum,0.0,0.0,60.0,60.0,20.0,0.0,0.0,100.0,100.0
original_firstorder_Range,0.0,0.0,40.0,0.0,20.0,0.0,0.0,100.0,100.0
original_firstorder_RobustMeanAbsoluteDeviation,0.0,0.0,0.0,0.0,0.0,20.0,0.0,100.0,100.0
original_firstorder_RootMeanSquared,100.0,60.0,40.0,0.0,60.0,20.0,40.0,100.0,100.0
original_firstorder_Skewness,100.0,100.0,40.0,0.0,100.0,100.0,40.0,100.0,100.0
original_firstorder_TotalEnergy,0.0,0.0,20.0,0.0,0.0,0.0,0.0,100.0,100.0
original_firstorder_Uniformity,80.0,0.0,0.0,0.0,40.0,0.0,0.0,100.0,20.0
original_firstorder_Variance,0.0,0.0,0.0,0.0,0.0,0.0,0.0,100.0,100.0
original_glcm_Autocorrelation,80.0,40.0,20.0,0.0,40.0,40.0,0.0,100.0,100.0
original_glcm_ClusterProminence,0.0,0.0,20.0,0.0,60.0,0.0,0.0,100.0,100.0
original_glcm_ClusterShade,100.0,100.0,60.0,80.0,80.0,100.0,100.0,100.0,100.0
original_glcm_ClusterTendency,0.0,0.0,0.0,0.0,40.0,0.0,40.0,100.0,100.0
original_glcm_Contrast,0.0,0.0,0.0,0.0,40.0,0.0,0.0,100.0,100.0
original_glcm_Correlation,0.0,0.0,60.0,60.0,0.0,0.0,0.0,100.0,80.0
original_glcm_DifferenceAverage,0.0,0.0,0.0,0.0,20.0,0.0,0.0,100.0,100.0
original_glcm_DifferenceEntropy,0.0,0.0,0.0,0.0,0.0,20.0,0.0,100.0,100.0
original_glcm_DifferenceVariance,60.0,0.0,0.0,0.0,40.0,60.0,0.0,100.0,100.0
original_glcm_Id,80.0,0.0,0.0,20.0,0.0,40.0,0.0,100.0,60.0
original_glcm_Idm,80.0,0.0,0.0,0.0,0.0,60.0,0.0,100.0,60.0
original_glcm_Idmn,0.0,0.0,0.0,0.0,60.0,20.0,80.0,100.0,20.0
original_glcm_Idn,0.0,0.0,0.0,0.0,40.0,20.0,20.0,100.0,20.0
original_glcm_Imc1,20.0,0.0,0.0,0.0,20.0,0.0,0.0,100.0,60.0
original_glcm_Imc2,0.0,0.0,40.0,0.0,0.0,0.0,0.0,100.0,60.0
original_glcm_InverseVariance,80.0,0.0,0.0,0.0,0.0,40.0,0.0,100.0,60.0
original_glcm_JointAverage,80.0,40.0,20.0,0.0,40.0,60.0,0.0,100.0,100.0
original_glcm_JointEnergy,100.0,80.0,0.0,0.0,40.0,100.0,0.0,100.0,20.0
original_glcm_JointEntropy,100.0,80.0,40.0,20.0,40.0,100.0,0.0,100.0,100.0
original_glcm_MaximumProbability,100.0,80.0,0.0,20.0,100.0,100.0,60.0,100.0,20.0
original_glcm_SumEntropy,40.0,0.0,20.0,0.0,40.0,20.0,0.0,100.0,100.0
original_glcm_SumSquares,0.0,0.0,0.0,20.0,40.0,0.0,0.0,100.0,100.0
original_gldm_DependenceEntropy,0.0,0.0,20.0,0.0,40.0,60.0,20.0,100.0,100.0
original_gldm_DependenceNonUniformity,40.0,0.0,20.0,0.0,0.0,0.0,0.0,100.0,100.0
original_gldm_DependenceNonUniformityNormalized,20.0,0.0,0.0,0.0,0.0,0.0,0.0,100.0,60.0
original_gldm_DependenceVariance,100.0,20.0,20.0,0.0,60.0,40.0,40.0,100.0,100.0
original_gldm_GrayLevelNonUniformity,0.0,0.0,0.0,0.0,20.0,0.0,0.0,100.0,100.0
original_gldm_GrayLevelVariance,0.0,0.0,0.0,0.0,0.0,0.0,0.0,100.0,100.0
original_gldm_HighGrayLevelEmphasis,80.0,40.0,20.0,0.0,40.0,20.0,0.0,100.0,100.0
original_gldm_LargeDependenceEmphasis,20.0,40.0,20.0,0.0,40.0,80.0,0.0,100.0,100.0
original_gldm_LargeDependenceHighGrayLevelEmphasis,100.0,100.0,20.0,0.0,40.0,80.0,40.0,100.0,100.0
original_gldm_LargeDependenceLowGrayLevelEmphasis,0.0,0.0,0.0,0.0,40.0,0.0,0.0,100.0,20.0
original_gldm_LowGrayLevelEmphasis,0.0,0.0,0.0,0.0,20.0,0.0,20.0,100.0,20.0
original_gldm_SmallDependenceEmphasis,0.0,0.0,0.0,0.0,0.0,20.0,0.0,100.0,60.0
original_gldm_SmallDependenceHighGrayLevelEmphasis,40.0,0.0,20.0,0.0,20.0,0.0,0.0,100.0,100.0
original_gldm_SmallDependenceLowGrayLevelEmphasis,0.0,0.0,0.0,0.0,20.0,20.0,0.0,100.0,20.0
original_glrlm_GrayLevelNonUniformity,0.0,0.0,0.0,0.0,20.0,0.0,0.0,100.0,100.0
original_glrlm_GrayLevelNonUniformityNormalized,80.0,0.0,0.0,0.0,40.0,0.0,0.0,100.0,20.0
original_glrlm_GrayLevelVariance,0.0,0.0,0.0,0.0,0.0,0.0,0.0,100.0,100.0
original_glrlm_HighGrayLevelRunEmphasis,80.0,40.0,20.0,0.0,40.0,40.0,0.0,100.0,100.0
original_glrlm_LongRunEmphasis,100.0,0.0,0.0,0.0,0.0,40.0,0.0,100.0,60.0
original_glrlm_LongRunHighGrayLevelEmphasis,100.0,60.0,40.0,0.0,40.0,40.0,0.0,100.0,100.0
original_glrlm_LongRunLowGrayLevelEmphasis,0.0,0.0,0.0,0.0,20.0,0.0,0.0,100.0,20.0
original_glrlm_LowGrayLevelRunEmphasis,0.0,0.0,0.0,0.0,20.0,0.0,0.0,100.0,20.0
original_glrlm_RunEntropy,0.0,0.0,20.0,0.0,40.0,0.0,0.0,100.0,100.0
original_glrlm_RunLengthNonUniformity,20.0,0.0,0.0,0.0,0.0,60.0,0.0,100.0,100.0
original_glrlm_RunLengthNonUniformityNormalized,80.0,0.0,20.0,0.0,0.0,20.0,0.0,100.0,40.0
original_glrlm_RunPercentage,80.0,0.0,0.0,0.0,0.0,40.0,0.0,100.0,20.0
original_glrlm_RunVariance,100.0,0.0,0.0,0.0,0.0,60.0,0.0,100.0,40.0
original_glrlm_ShortRunEmphasis,80.0,0.0,0.0,0.0,0.0,0.0,0.0,100.0,20.0
original_glrlm_ShortRunHighGrayLevelEmphasis,80.0,40.0,20.0,0.0,20.0,0.0,0.0,100.0,100.0
original_glrlm_ShortRunLowGrayLevelEmphasis,0.0,0.0,0.0,20.0,20.0,0.0,20.0,100.0,20.0
original_glszm_GrayLevelNonUniformity,20.0,20.0,0.0,0.0,20.0,40.0,0.0,100.0,100.0
original_glszm_GrayLevelNonUniformityNormalized,0.0,0.0,0.0,0.0,0.0,0.0,20.0,100.0,20.0
original_glszm_GrayLevelVariance,40.0,0.0,0.0,0.0,0.0,0.0,0.0,100.0,100.0
original_glszm_HighGrayLevelZoneEmphasis,80.0,40.0,40.0,0.0,20.0,20.0,0.0,100.0,100.0
original_glszm_LargeAreaEmphasis,20.0,0.0,0.0,0.0,20.0,0.0,0.0,100.0,100.0
original_glszm_LargeAreaHighGrayLevelEmphasis,40.0,80.0,40.0,0.0,40.0,100.0,0.0,100.0,100.0
original_glszm_LargeAreaLowGrayLevelEmphasis,20.0,0.0,60.0,0.0,40.0,0.0,0.0,100.0,60.0
original_glszm_LowGrayLevelZoneEmphasis,0.0,0.0,0.0,20.0,0.0,0.0,0.0,100.0,20.0
original_glszm_SizeZoneNonUniformity,0.0,0.0,20.0,40.0,20.0,20.0,0.0,100.0,100.0
original_glszm_SizeZoneNonUniformityNormalized,0.0,0.0,40.0,0.0,0.0,20.0,0.0,100.0,60.0
original_glszm_SmallAreaEmphasis,0.0,0.0,0.0,0.0,40.0,20.0,0.0,100.0,60.0
original_glszm_SmallAreaHighGrayLevelEmphasis,80.0,20.0,40.0,20.0,20.0,40.0,0.0,100.0,100.0
original_glszm_SmallAreaLowGrayLevelEmphasis,0.0,0.0,0.0,0.0,40.0,0.0,0.0,100.0,20.0
original_glszm_ZoneEntropy,0.0,0.0,40.0,0.0,60.0,0.0,20.0,100.0,100.0
original_glszm_ZonePercentage,20.0,0.0,0.0,0.0,0.0,0.0,0.0,100.0,100.0
original_glszm_ZoneVariance,20.0,0.0,0.0,0.0,40.0,0.0,0.0,100.0,100.0
original_shape_Elongation,0.0,0.0,80.0,60.0,60.0,0.0,20.0,100.0,100.0
original_shape_Flatness,0.0,0.0,60.0,0.0,20.0,0.0,0.0,100.0,60.0
original_shape_LeastAxisLength,0.0,0.0,20.0,0.0,0.0,0.0,0.0,100.0,100.0
original_shape_MajorAxisLength,0.0,0.0,20.0,0.0,20.0,20.0,60.0,100.0,100.0
original_shape_Maximum2DDiameterColumn,0.0,0.0,60.0,0.0,40.0,0.0,20.0,100.0,100.0
original_shape_Maximum2DDiameterRow,0.0,0.0,20.0,0.0,20.0,0.0,20.0,100.0,100.0
original_shape_Maximum2DDiameterSlice,0.0,0.0,20.0,0.0,20.0,0.0,0.0,100.0,100.0
original_shape_Maximum3DDiameter,0.0,0.0,20.0,0.0,20.0,20.0,0.0,100.0,100.0
original_shape_MeshVolume,0.0,0.0,0.0,0.0,0.0,60.0,0.0,100.0,100.0
original_shape_MinorAxisLength,0.0,0.0,20.0,0.0,40.0,0.0,40.0,100.0,100.0
original_shape_Sphericity,20.0,0.0,40.0,60.0,40.0,20.0,0.0,100.0,60.0
original_shape_SurfaceArea,0.0,0.0,40.0,0.0,0.0,20.0,0.0,100.0,100.0
original_shape_SurfaceVolumeRatio,0.0,0.0,60.0,0.0,0.0,0.0,0.0,100.0,60.0
original_shape_VoxelVolume,0.0,0.0,0.0,0.0,0.0,80.0,0.0,100.0,100.0
wavelet-HHH_firstorder_10Percentile,0.0,0.0,0.0,0.0,0.0,40.0,0.0,100.0,100.0
wavelet-HHH_firstorder_90Percentile,0.0,0.0,0.0,0.0,20.0,0.0,0.0,100.0,100.0
wavelet-HHH_firstorder_Energy,0.0,0.0,20.0,0.0,0.0,100.0,0.0,100.0,100.0
wavelet-HHH_firstorder_Entropy,0.0,0.0,0.0,0.0,40.0,20.0,0.0,100.0,100.0
wavelet-HHH_firstorder_InterquartileRange,0.0,0.0,0.0,0.0,60.0,20.0,0.0,100.0,100.0
wavelet-HHH_firstorder_Kurtosis,0.0,0.0,40.0,0.0,0.0,20.0,20.0,100.0,100.0
wavelet-HHH_firstorder_Maximum,0.0,0.0,0.0,0.0,0.0,80.0,0.0,100.0,100.0
wavelet-HHH_firstorder_Mean,20.0,0.0,60.0,100.0,40.0,0.0,80.0,100.0,100.0
wavelet-HHH_firstorder_MeanAbsoluteDeviation,0.0,0.0,0.0,0.0,20.0,0.0,0.0,100.0,100.0
wavelet-HHH_firstorder_Median,0.0,0.0,80.0,80.0,60.0,20.0,60.0,100.0,100.0
wavelet-HHH_firstorder_Minimum,0.0,0.0,0.0,0.0,60.0,0.0,0.0,100.0,100.0
wavelet-HHH_firstorder_Range,0.0,0.0,20.0,20.0,0.0,20.0,0.0,100.0,100.0
wavelet-HHH_firstorder_RobustMeanAbsoluteDeviation,0.0,0.0,0.0,0.0,20.0,40.0,0.0,100.0,100.0
wavelet-HHH_firstorder_RootMeanSquared,0.0,0.0,20.0,40.0,40.0,0.0,0.0,100.0,100.0
wavelet-HHH_firstorder_Skewness,0.0,0.0,40.0,80.0,40.0,0.0,0.0,100.0,100.0
wavelet-HHH_firstorder_TotalEnergy,0.0,0.0,0.0,0.0,0.0,100.0,0.0,100.0,100.0
wavelet-HHH_firstorder_Uniformity,0.0,0.0,0.0,0.0,40.0,80.0,0.0,100.0,60.0
wavelet-HHH_firstorder_Variance,20.0,0.0,0.0,0.0,0.0,0.0,0.0,100.0,100.0
wavelet-HHH_glcm_Autocorrelation,0.0,0.0,20.0,0.0,40.0,0.0,60.0,100.0,100.0
wavelet-HHH_glcm_ClusterProminence,40.0,0.0,0.0,0.0,20.0,0.0,0.0,100.0,100.0
wavelet-HHH_glcm_ClusterShade,0.0,0.0,40.0,60.0,20.0,0.0,0.0,100.0,100.0
wavelet-HHH_glcm_ClusterTendency,0.0,0.0,0.0,0.0,0.0,0.0,0.0,100.0,100.0
wavelet-HHH_glcm_Contrast,0.0,0.0,0.0,0.0,0.0,0.0,0.0,100.0,100.0
wavelet-HHH_glcm_Correlation,0.0,0.0,0.0,20.0,20.0,0.0,40.0,100.0,20.0
wavelet-HHH_glcm_DifferenceAverage,0.0,0.0,0.0,0.0,20.0,0.0,0.0,100.0,100.0
wavelet-HHH_glcm_DifferenceEntropy,0.0,0.0,0.0,0.0,40.0,0.0,0.0,100.0,100.0
wavelet-HHH_glcm_DifferenceVariance,40.0,0.0,20.0,0.0,0.0,80.0,0.0,100.0,100.0
wavelet-HHH_glcm_Id,0.0,0.0,0.0,0.0,40.0,0.0,20.0,100.0,100.0
wavelet-HHH_glcm_Idm,0.0,0.0,0.0,0.0,40.0,0.0,40.0,100.0,100.0
wavelet-HHH_glcm_Idmn,0.0,0.0,0.0,0.0,20.0,0.0,0.0,100.0,20.0
wavelet-HHH_glcm_Idn,0.0,0.0,0.0,0.0,0.0,0.0,0.0,100.0,20.0
wavelet-HHH_glcm_Imc1,100.0,40.0,40.0,0.0,60.0,40.0,20.0,100.0,60.0
wavelet-HHH_glcm_Imc2,80.0,0.0,20.0,0.0,60.0,20.0,0.0,100.0,100.0
wavelet-HHH_glcm_InverseVariance,0.0,0.0,0.0,0.0,40.0,0.0,0.0,100.0,60.0
wavelet-HHH_glcm_JointAverage,0.0,0.0,0.0,0.0,60.0,0.0,0.0,100.0,100.0
wavelet-HHH_glcm_JointEnergy,0.0,0.0,0.0,0.0,40.0,0.0,0.0,100.0,60.0
wavelet-HHH_glcm_JointEntropy,0.0,0.0,0.0,0.0,40.0,0.0,0.0,100.0,100.0
wavelet-HHH_glcm_MaximumProbability,0.0,0.0,0.0,0.0,40.0,0.0,20.0,100.0,60.0
wavelet-HHH_glcm_SumEntropy,0.0,0.0,20.0,20.0,40.0,0.0,0.0,100.0,100.0
wavelet-HHH_glcm_SumSquares,0.0,0.0,0.0,0.0,0.0,0.0,0.0,100.0,100.0
wavelet-HHH_gldm_DependenceEntropy,0.0,0.0,0.0,20.0,20.0,0.0,0.0,100.0,100.0
wavelet-HHH_gldm_DependenceNonUniformity,0.0,0.0,20.0,0.0,20.0,0.0,0.0,100.0,100.0
wavelet-HHH_gldm_DependenceNonUniformityNormalized,0.0,0.0,0.0,0.0,60.0,0.0,80.0,100.0,60.0
wavelet-HHH_gldm_DependenceVariance,0.0,0.0,0.0,0.0,40.0,0.0,40.0,100.0,100.0
wavelet-HHH_gldm_GrayLevelNonUniformity,0.0,0.0,0.0,0.0,0.0,40.0,0.0,100.0,100.0
wavelet-HHH_gldm_GrayLevelVariance,20.0,0.0,0.0,0.0,0.0,0.0,0.0,100.0,100.0
wavelet-HHH_gldm_HighGrayLevelEmphasis,0.0,0.0,0.0,0.0,40.0,0.0,60.0,100.0,100.0
wavelet-HHH_gldm_LargeDependenceEmphasis,0.0,0.0,0.0,0.0,40.0,0.0,0.0,100.0,100.0
wavelet-HHH_gldm_LargeDependenceHighGrayLevelEmphasis,80.0,0.0,40.0,0.0,40.0,0.0,0.0,100.0,100.0
wavelet-HHH_gldm_LargeDependenceLowGrayLevelEmphasis,0.0,0.0,0.0,0.0,0.0,0.0,0.0,100.0,100.0
wavelet-HHH_gldm_LowGrayLevelEmphasis,0.0,0.0,0.0,0.0,0.0,0.0,0.0,100.0,20.0
wavelet-HHH_gldm_SmallDependenceEmphasis,0.0,0.0,0.0,0.0,0.0,0.0,0.0,100.0,60.0
wavelet-HHH_gldm_SmallDependenceHighGrayLevelEmphasis,20.0,0.0,0.0,0.0,40.0,0.0,60.0,100.0,100.0
wavelet-HHH_gldm_SmallDependenceLowGrayLevelEmphasis,0.0,0.0,0.0,0.0,40.0,20.0,0.0,100.0,20.0
wavelet-HHH_glrlm_GrayLevelNonUniformity,0.0,0.0,0.0,0.0,0.0,0.0,0.0,100.0,100.0
wavelet-HHH_glrlm_GrayLevelNonUniformityNormalized,0.0,0.0,0.0,20.0,40.0,20.0,0.0,100.0,60.0
wavelet-HHH_glrlm_GrayLevelVariance,20.0,0.0,0.0,20.0,0.0,40.0,0.0,100.0,100.0
wavelet-HHH_glrlm_HighGrayLevelRunEmphasis,0.0,0.0,0.0,0.0,40.0,0.0,40.0,100.0,100.0
wavelet-HHH_glrlm_LongRunEmphasis,0.0,0.0,0.0,0.0,40.0,0.0,0.0,100.0,100.0
wavelet-HHH_glrlm_LongRunHighGrayLevelEmphasis,60.0,0.0,20.0,0.0,40.0,0.0,20.0,100.0,100.0
wavelet-HHH_glrlm_LongRunLowGrayLevelEmphasis,0.0,0.0,0.0,0.0,0.0,0.0,0.0,100.0,60.0
wavelet-HHH_glrlm_LowGrayLevelRunEmphasis,0.0,0.0,0.0,0.0,0.0,0.0,0.0,100.0,20.0
wavelet-HHH_glrlm_RunEntropy,0.0,0.0,0.0,0.0,40.0,0.0,0.0,100.0,100.0
wavelet-HHH_glrlm_RunLengthNonUniformity,0.0,0.0,20.0,0.0,0.0,20.0,0.0,100.0,100.0
wavelet-HHH_glrlm_RunLengthNonUniformityNormalized,0.0,0.0,0.0,0.0,40.0,0.0,20.0,100.0,100.0
wavelet-HHH_glrlm_RunPercentage,0.0,0.0,0.0,0.0,40.0,0.0,20.0,100.0,60.0
wavelet-HHH_glrlm_RunVariance,0.0,0.0,0.0,0.0,40.0,0.0,0.0,100.0,100.0
wavelet-HHH_glrlm_ShortRunEmphasis,0.0,0.0,0.0,0.0,40.0,0.0,0.0,100.0,60.0
wavelet-HHH_glrlm_ShortRunHighGrayLevelEmphasis,0.0,0.0,0.0,0.0,40.0,0.0,60.0,100.0,100.0
wavelet-HHH_glrlm_ShortRunLowGrayLevelEmphasis,0.0,0.0,0.0,0.0,20.0,0.0,20.0,100.0,20.0
wavelet-HHH_glszm_GrayLevelNonUniformity,0.0,0.0,40.0,40.0,20.0,20.0,0.0,100.0,100.0
wavelet-HHH_glszm_GrayLevelNonUniformityNormalized,0.0,0.0,20.0,20.0,0.0,0.0,0.0,100.0,100.0
wavelet-HHH_glszm_GrayLevelVariance,60.0,0.0,0.0,0.0,0.0,0.0,0.0,100.0,100.0
wavelet-HHH_glszm_HighGrayLevelZoneEmphasis,0.0,0.0,60.0,100.0,40.0,0.0,0.0,100.0,100.0
wavelet-HHH_glszm_LargeAreaEmphasis,0.0,0.0,0.0,0.0,60.0,20.0,40.0,100.0,100.0
wavelet-HHH_glszm_LargeAreaHighGrayLevelEmphasis,0.0,0.0,60.0,0.0,40.0,0.0,20.0,100.0,100.0
wavelet-HHH_glszm_LargeAreaLowGrayLevelEmphasis,0.0,0.0,0.0,0.0,0.0,20.0,0.0,100.0,100.0
wavelet-HHH_glszm_LowGrayLevelZoneEmphasis,0.0,0.0,40.0,0.0,0.0,0.0,0.0,100.0,60.0
wavelet-HHH_glszm_SizeZoneNonUniformity,0.0,0.0,40.0,0.0,40.0,0.0,0.0,100.0,100.0
wavelet-HHH_glszm_SizeZoneNonUniformityNormalized,0.0,0.0,0.0,0.0,40.0,0.0,20.0,100.0,60.0
wavelet-HHH_glszm_SmallAreaEmphasis,0.0,0.0,40.0,0.0,40.0,0.0,20.0,100.0,60.0
wavelet-HHH_glszm_SmallAreaHighGrayLevelEmphasis,20.0,0.0,0.0,0.0,40.0,0.0,0.0,100.0,100.0
wavelet-HHH_glszm_SmallAreaLowGrayLevelEmphasis,0.0,0.0,0.0,0.0,20.0,0.0,0.0,100.0,20.0
wavelet-HHH_glszm_ZoneEntropy,0.0,0.0,20.0,0.0,60.0,0.0,20.0,100.0,100.0
wavelet-HHH_glszm_ZonePercentage,0.0,0.0,0.0,0.0,0.0,0.0,0.0,100.0,60.0
wavelet-HHH_glszm_ZoneVariance,0.0,0.0,0.0,0.0,20.0,20.0,0.0,100.0,100.0
wavelet-HHL_firstorder_10Percentile,0.0,0.0,0.0,0.0,20.0,0.0,0.0,100.0,100.0
wavelet-HHL_firstorder_90Percentile,0.0,0.0,0.0,0.0,0.0,0.0,0.0,100.0,100.0
wavelet-HHL_firstorder_Energy,0.0,0.0,0.0,0.0,0.0,100.0,0.0,100.0,100.0
wavelet-HHL_firstorder_Entropy,0.0,0.0,0.0,0.0,20.0,0.0,0.0,100.0,100.0
wavelet-HHL_firstorder_InterquartileRange,0.0,0.0,0.0,0.0,0.0,20.0,0.0,100.0,100.0
wavelet-HHL_firstorder_Kurtosis,0.0,0.0,80.0,0.0,20.0,0.0,20.0,100.0,100.0
wavelet-HHL_firstorder_Maximum,0.0,0.0,20.0,0.0,40.0,0.0,40.0,100.0,100.0
wavelet-HHL_firstorder_Mean,60.0,20.0,40.0,60.0,80.0,20.0,100.0,100.0,100.0
wavelet-HHL_firstorder_MeanAbsoluteDeviation,0.0,0.0,0.0,0.0,0.0,0.0,0.0,100.0,100.0
wavelet-HHL_firstorder_Median,0.0,20.0,60.0,40.0,40.0,0.0,80.0,100.0,100.0
wavelet-HHL_firstorder_Minimum,0.0,0.0,0.0,0.0,20.0,0.0,0.0,100.0,100.0
wavelet-HHL_firstorder_Range,0.0,0.0,20.0,0.0,20.0,0.0,0.0,100.0,100.0
wavelet-HHL_firstorder_RobustMeanAbsoluteDeviation,0.0,0.0,0.0,0.0,0.0,0.0,0.0,100.0,100.0
wavelet-HHL_firstorder_RootMeanSquared,20.0,0.0,20.0,0.0,40.0,20.0,20.0,100.0,100.0
wavelet-HHL_firstorder_Skewness,0.0,0.0,80.0,40.0,60.0,0.0,40.0,100.0,100.0
wavelet-HHL_firstorder_TotalEnergy,0.0,0.0,0.0,0.0,0.0,100.0,0.0,100.0,100.0
wavelet-HHL_firstorder_Uniformity,40.0,0.0,0.0,0.0,20.0,0.0,0.0,100.0,20.0
wavelet-HHL_firstorder_Variance,0.0,0.0,0.0,0.0,0.0,0.0,0.0,100.0,100.0
wavelet-HHL_glcm_Autocorrelation,0.0,0.0,20.0,0.0,0.0,0.0,0.0,100.0,100.0
wavelet-HHL_glcm_ClusterProminence,0.0,0.0,0.0,0.0,40.0,0.0,0.0,100.0,100.0
wavelet-HHL_glcm_ClusterShade,0.0,0.0,20.0,40.0,40.0,0.0,20.0,100.0,100.0
wavelet-HHL_glcm_ClusterTendency,0.0,0.0,0.0,0.0,0.0,20.0,0.0,100.0,100.0
wavelet-HHL_glcm_Contrast,0.0,0.0,0.0,0.0,0.0,20.0,0.0,100.0,100.0
wavelet-HHL_glcm_Correlation,0.0,0.0,0.0,40.0,40.0,0.0,0.0,100.0,20.0
wavelet-HHL_glcm_DifferenceAverage,0.0,0.0,0.0,0.0,0.0,0.0,0.0,100.0,100.0
wavelet-HHL_glcm_DifferenceEntropy,0.0,0.0,0.0,0.0,0.0,0.0,0.0,100.0,100.0
wavelet-HHL_glcm_DifferenceVariance,0.0,0.0,0.0,20.0,0.0,0.0,0.0,100.0,100.0
wavelet-HHL_glcm_Id,40.0,0.0,0.0,0.0,20.0,0.0,0.0,100.0,60.0
wavelet-HHL_glcm_Idm,80.0,0.0,0.0,0.0,0.0,0.0,0.0,100.0,60.0
wavelet-HHL_glcm_Idmn,0.0,0.0,0.0,0.0,20.0,0.0,0.0,100.0,20.0
wavelet-HHL_glcm_Idn,0.0,0.0,0.0,0.0,20.0,0.0,0.0,100.0,20.0
wavelet-HHL_glcm_Imc1,80.0,0.0,0.0,0.0,20.0,60.0,0.0,100.0,60.0
wavelet-HHL_glcm_Imc2,0.0,0.0,20.0,0.0,0.0,20.0,0.0,100.0,80.0
wavelet-HHL_glcm_InverseVariance,80.0,0.0,0.0,0.0,0.0,20.0,0.0,100.0,60.0
wavelet-HHL_glcm_JointAverage,0.0,0.0,20.0,0.0,20.0,0.0,0.0,100.0,100.0
wavelet-HHL_glcm_JointEnergy,100.0,0.0,0.0,0.0,20.0,0.0,0.0,100.0,20.0
wavelet-HHL_glcm_JointEntropy,40.0,20.0,20.0,0.0,40.0,0.0,0.0,100.0,100.0
wavelet-HHL_glcm_MaximumProbability,100.0,20.0,0.0,0.0,40.0,0.0,0.0,100.0,20.0
wavelet-HHL_glcm_SumEntropy,0.0,0.0,0.0,0.0,0.0,0.0,0.0,100.0,100.0
wavelet-HHL_glcm_SumSquares,0.0,0.0,0.0,20.0,0.0,20.0,0.0,100.0,100.0
wavelet-HHL_gldm_DependenceEntropy,0.0,0.0,40.0,0.0,20.0,0.0,0.0,100.0,100.0
wavelet-HHL_gldm_DependenceNonUniformity,20.0,20.0,20.0,0.0,40.0,20.0,0.0,100.0,100.0
wavelet-HHL_gldm_DependenceNonUniformityNormalized,20.0,0.0,0.0,0.0,40.0,0.0,0.0,100.0,60.0
wavelet-HHL_gldm_DependenceVariance,100.0,0.0,0.0,0.0,20.0,20.0,0.0,100.0,100.0
wavelet-HHL_gldm_GrayLevelNonUniformity,0.0,0.0,20.0,0.0,0.0,0.0,0.0,100.0,100.0
wavelet-HHL_gldm_GrayLevelVariance,0.0,0.0,0.0,0.0,0.0,0.0,0.0,100.0,100.0
wavelet-HHL_gldm_HighGrayLevelEmphasis,0.0,0.0,20.0,0.0,0.0,0.0,0.0,100.0,100.0
wavelet-HHL_gldm_LargeDependenceEmphasis,100.0,0.0,0.0,0.0,0.0,0.0,0.0,100.0,100.0
wavelet-HHL_gldm_LargeDependenceHighGrayLevelEmphasis,80.0,0.0,20.0,0.0,40.0,0.0,0.0,100.0,100.0
wavelet-HHL_gldm_LargeDependenceLowGrayLevelEmphasis,0.0,0.0,20.0,0.0,40.0,20.0,0.0,100.0,60.0
wavelet-HHL_gldm_LowGrayLevelEmphasis,0.0,0.0,0.0,0.0,20.0,20.0,20.0,100.0,20.0
wavelet-HHL_gldm_SmallDependenceEmphasis,0.0,0.0,0.0,0.0,20.0,0.0,0.0,100.0,60.0
wavelet-HHL_gldm_SmallDependenceHighGrayLevelEmphasis,0.0,0.0,0.0,0.0,20.0,40.0,0.0,100.0,100.0
wavelet-HHL_gldm_SmallDependenceLowGrayLevelEmphasis,0.0,0.0,0.0,0.0,40.0,0.0,40.0,100.0,20.0
wavelet-HHL_glrlm_GrayLevelNonUniformity,0.0,0.0,20.0,0.0,0.0,0.0,0.0,100.0,100.0
wavelet-HHL_glrlm_GrayLevelNonUniformityNormalized,40.0,0.0,0.0,0.0,20.0,0.0,0.0,100.0,20.0
wavelet-HHL_glrlm_GrayLevelVariance,0.0,0.0,0.0,0.0,0.0,0.0,0.0,100.0,100.0
wavelet-HHL_glrlm_HighGrayLevelRunEmphasis,0.0,0.0,20.0,0.0,0.0,0.0,0.0,100.0,100.0
wavelet-HHL_glrlm_LongRunEmphasis,60.0,0.0,0.0,0.0,0.0,0.0,0.0,100.0,100.0
wavelet-HHL_glrlm_LongRunHighGrayLevelEmphasis,0.0,0.0,40.0,0.0,0.0,0.0,0.0,100.0,100.0
wavelet-HHL_glrlm_LongRunLowGrayLevelEmphasis,0.0,0.0,0.0,0.0,20.0,60.0,20.0,100.0,20.0
wavelet-HHL_glrlm_LowGrayLevelRunEmphasis,0.0,0.0,0.0,0.0,20.0,0.0,20.0,100.0,20.0
wavelet-HHL_glrlm_RunEntropy,0.0,0.0,0.0,0.0,40.0,0.0,0.0,100.0,100.0
wavelet-HHL_glrlm_RunLengthNonUniformity,20.0,0.0,20.0,0.0,0.0,40.0,0.0,100.0,100.0
wavelet-HHL_glrlm_RunLengthNonUniformityNormalized,40.0,0.0,0.0,0.0,0.0,0.0,0.0,100.0,60.0
wavelet-HHL_glrlm_RunPercentage,60.0,0.0,0.0,0.0,0.0,0.0,0.0,100.0,20.0
wavelet-HHL_glrlm_RunVariance,60.0,0.0,0.0,0.0,0.0,0.0,0.0,100.0,60.0
wavelet-HHL_glrlm_ShortRunEmphasis,40.0,0.0,0.0,0.0,0.0,0.0,0.0,100.0,20.0
wavelet-HHL_glrlm_ShortRunHighGrayLevelEmphasis,0.0,0.0,20.0,0.0,0.0,0.0,0.0,100.0,100.0
wavelet-HHL_glrlm_ShortRunLowGrayLevelEmphasis,0.0,0.0,0.0,0.0,20.0,0.0,20.0,100.0,20.0
wavelet-HHL_glszm_GrayLevelNonUniformity,0.0,0.0,40.0,20.0,0.0,0.0,0.0,100.0,100.0
wavelet-HHL_glszm_GrayLevelNonUniformityNormalized,0.0,0.0,0.0,0.0,40.0,0.0,0.0,100.0,20.0
wavelet-HHL_glszm_GrayLevelVariance,20.0,0.0,0.0,0.0,0.0,20.0,0.0,100.0,100.0
wavelet-HHL_glszm_HighGrayLevelZoneEmphasis,0.0,0.0,20.0,0.0,0.0,0.0,0.0,100.0,100.0
wavelet-HHL_glszm_LargeAreaEmphasis,0.0,0.0,0.0,0.0,0.0,0.0,0.0,100.0,100.0
wavelet-HHL_glszm_LargeAreaHighGrayLevelEmphasis,0.0,0.0,60.0,20.0,0.0,0.0,0.0,100.0,100.0
wavelet-HHL_glszm_LargeAreaLowGrayLevelEmphasis,0.0,0.0,20.0,0.0,40.0,0.0,0.0,100.0,100.0
wavelet-HHL_glszm_LowGrayLevelZoneEmphasis,0.0,0.0,0.0,0.0,20.0,40.0,0.0,100.0,20.0
wavelet-HHL_glszm_SizeZoneNonUniformity,20.0,20.0,20.0,0.0,40.0,60.0,20.0,100.0,100.0
wavelet-HHL_glszm_SizeZoneNonUniformityNormalized,0.0,0.0,20.0,0.0,40.0,0.0,40.0,100.0,60.0
wavelet-HHL_glszm_SmallAreaEmphasis,0.0,0.0,0.0,0.0,40.0,0.0,60.0,100.0,60.0
wavelet-HHL_glszm_SmallAreaHighGrayLevelEmphasis,0.0,0.0,40.0,0.0,0.0,0.0,0.0,100.0,100.0
wavelet-HHL_glszm_SmallAreaLowGrayLevelEmphasis,0.0,0.0,0.0,0.0,20.0,20.0,0.0,100.0,20.0
wavelet-HHL_glszm_ZoneEntropy,0.0,0.0,20.0,20.0,0.0,0.0,0.0,100.0,100.0
wavelet-HHL_glszm_ZonePercentage,0.0,0.0,0.0,0.0,20.0,0.0,0.0,100.0,100.0
wavelet-HHL_glszm_ZoneVariance,0.0,0.0,20.0,0.0,0.0,0.0,0.0,100.0,100.0
wavelet-HLH_firstorder_10Percentile,0.0,0.0,0.0,0.0,20.0,20.0,0.0,100.0,100.0
wavelet-HLH_firstorder_90Percentile,0.0,0.0,0.0,0.0,0.0,0.0,0.0,100.0,100.0
wavelet-HLH_firstorder_Energy,0.0,0.0,0.0,0.0,0.0,100.0,0.0,100.0,100.0
wavelet-HLH_firstorder_Entropy,0.0,0.0,0.0,0.0,0.0,0.0,0.0,100.0,100.0
wavelet-HLH_firstorder_InterquartileRange,0.0,0.0,0.0,0.0,20.0,20.0,0.0,100.0,100.0
wavelet-HLH_firstorder_Kurtosis,20.0,0.0,60.0,20.0,0.0,0.0,20.0,100.0,100.0
wavelet-HLH_firstorder_Maximum,0.0,0.0,0.0,0.0,0.0,0.0,0.0,100.0,100.0
wavelet-HLH_firstorder_Mean,20.0,20.0,60.0,20.0,60.0,0.0,80.0,100.0,100.0
wavelet-HLH_firstorder_MeanAbsoluteDeviation,0.0,0.0,0.0,0.0,0.0,20.0,0.0,100.0,100.0
wavelet-HLH_firstorder_Median,0.0,0.0,60.0,20.0,60.0,0.0,0.0,100.0,100.0
wavelet-HLH_firstorder_Minimum,40.0,0.0,0.0,0.0,0.0,0.0,0.0,100.0,100.0
wavelet-HLH_firstorder_Range,0.0,0.0,0.0,20.0,0.0,0.0,0.0,100.0,100.0
wavelet-HLH_firstorder_RobustMeanAbsoluteDeviation,0.0,0.0,0.0,0.0,20.0,20.0,0.0,100.0,100.0
wavelet-HLH_firstorder_RootMeanSquared,60.0,20.0,20.0,0.0,40.0,0.0,40.0,100.0,100.0
wavelet-HLH_firstorder_Skewness,0.0,0.0,80.0,60.0,40.0,20.0,20.0,100.0,100.0
wavelet-HLH_firstorder_TotalEnergy,0.0,0.0,0.0,40.0,0.0,100.0,0.0,100.0,100.0
wavelet-HLH_firstorder_Uniformity,0.0,0.0,0.0,0.0,0.0,20.0,0.0,100.0,60.0
wavelet-HLH_firstorder_Variance,40.0,0.0,0.0,20.0,20.0,0.0,0.0,100.0,100.0
wavelet-HLH_glcm_Autocorrelation,40.0,0.0,0.0,0.0,20.0,0.0,0.0,100.0,100.0
wavelet-HLH_glcm_ClusterProminence,20.0,0.0,20.0,0.0,20.0,0.0,20.0,100.0,100.0
wavelet-HLH_glcm_ClusterShade,0.0,0.0,40.0,0.0,0.0,0.0,0.0,100.0,100.0
wavelet-HLH_glcm_ClusterTendency,0.0,0.0,0.0,0.0,20.0,0.0,0.0,100.0,100.0
wavelet-HLH_glcm_Contrast,0.0,0.0,0.0,0.0,0.0,0.0,0.0,100.0,100.0
wavelet-HLH_glcm_Correlation,0.0,0.0,40.0,0.0,40.0,0.0,0.0,100.0,60.0
wavelet-HLH_glcm_DifferenceAverage,0.0,0.0,0.0,0.0,0.0,20.0,0.0,100.0,100.0
wavelet-HLH_glcm_DifferenceEntropy,0.0,0.0,20.0,0.0,20.0,20.0,0.0,100.0,100.0
wavelet-HLH_glcm_DifferenceVariance,40.0,0.0,20.0,0.0,20.0,0.0,0.0,100.0,100.0
wavelet-HLH_glcm_Id,0.0,0.0,0.0,0.0,0.0,20.0,0.0,100.0,100.0
wavelet-HLH_glcm_Idm,0.0,0.0,0.0,0.0,0.0,20.0,0.0,100.0,100.0
wavelet-HLH_glcm_Idmn,0.0,0.0,0.0,0.0,20.0,0.0,0.0,100.0,20.0
wavelet-HLH_glcm_Idn,20.0,0.0,0.0,0.0,20.0,0.0,20.0,100.0,20.0
wavelet-HLH_glcm_Imc1,100.0,20.0,20.0,0.0,20.0,0.0,20.0,100.0,60.0
wavelet-HLH_glcm_Imc2,20.0,0.0,0.0,0.0,20.0,0.0,20.0,100.0,100.0
wavelet-HLH_glcm_InverseVariance,0.0,0.0,0.0,0.0,20.0,20.0,20.0,100.0,60.0
wavelet-HLH_glcm_JointAverage,40.0,0.0,0.0,0.0,0.0,0.0,0.0,100.0,100.0
wavelet-HLH_glcm_JointEnergy,0.0,0.0,0.0,0.0,0.0,20.0,0.0,100.0,60.0
wavelet-HLH_glcm_JointEntropy,0.0,0.0,0.0,0.0,20.0,0.0,0.0,100.0,100.0
wavelet-HLH_glcm_MaximumProbability,0.0,0.0,0.0,0.0,0.0,20.0,0.0,100.0,60.0
wavelet-HLH_glcm_SumEntropy,0.0,0.0,0.0,20.0,0.0,20.0,0.0,100.0,100.0
wavelet-HLH_glcm_SumSquares,0.0,0.0,0.0,0.0,20.0,0.0,0.0,100.0,100.0
wavelet-HLH_gldm_DependenceEntropy,0.0,0.0,0.0,0.0,60.0,0.0,80.0,100.0,100.0
wavelet-HLH_gldm_DependenceNonUniformity,0.0,0.0,0.0,0.0,40.0,0.0,0.0,100.0,100.0
wavelet-HLH_gldm_DependenceNonUniformityNormalized,0.0,0.0,0.0,0.0,0.0,0.0,0.0,100.0,60.0
wavelet-HLH_gldm_DependenceVariance,20.0,0.0,0.0,0.0,0.0,0.0,0.0,100.0,100.0
wavelet-HLH_gldm_GrayLevelNonUniformity,0.0,0.0,0.0,0.0,0.0,0.0,0.0,100.0,100.0
wavelet-HLH_gldm_GrayLevelVariance,40.0,0.0,0.0,0.0,20.0,0.0,0.0,100.0,100.0
wavelet-HLH_gldm_HighGrayLevelEmphasis,40.0,0.0,0.0,0.0,20.0,0.0,0.0,100.0,100.0
wavelet-HLH_gldm_LargeDependenceEmphasis,0.0,0.0,0.0,0.0,0.0,20.0,0.0,100.0,100.0
wavelet-HLH_gldm_LargeDependenceHighGrayLevelEmphasis,60.0,0.0,40.0,0.0,0.0,0.0,20.0,100.0,100.0
wavelet-HLH_gldm_LargeDependenceLowGrayLevelEmphasis,0.0,0.0,0.0,0.0,20.0,0.0,0.0,100.0,100.0
wavelet-HLH_gldm_LowGrayLevelEmphasis,0.0,0.0,0.0,0.0,40.0,0.0,0.0,100.0,20.0
wavelet-HLH_gldm_SmallDependenceEmphasis,0.0,0.0,0.0,0.0,0.0,0.0,0.0,100.0,80.0
wavelet-HLH_gldm_SmallDependenceHighGrayLevelEmphasis,20.0,0.0,0.0,0.0,60.0,0.0,0.0,100.0,100.0
wavelet-HLH_gldm_SmallDependenceLowGrayLevelEmphasis,0.0,0.0,0.0,0.0,40.0,20.0,60.0,100.0,20.0
wavelet-HLH_glrlm_GrayLevelNonUniformity,0.0,0.0,0.0,0.0,0.0,0.0,0.0,100.0,100.0
wavelet-HLH_glrlm_GrayLevelNonUniformityNormalized,0.0,0.0,20.0,0.0,0.0,20.0,0.0,100.0,60.0
wavelet-HLH_glrlm_GrayLevelVariance,40.0,0.0,0.0,0.0,20.0,0.0,0.0,100.0,100.0
wavelet-HLH_glrlm_HighGrayLevelRunEmphasis,40.0,0.0,0.0,0.0,20.0,0.0,0.0,100.0,100.0
wavelet-HLH_glrlm_LongRunEmphasis,0.0,0.0,20.0,0.0,0.0,0.0,0.0,100.0,100.0
wavelet-HLH_glrlm_LongRunHighGrayLevelEmphasis,40.0,0.0,20.0,0.0,0.0,0.0,0.0,100.0,100.0
wavelet-HLH_glrlm_LongRunLowGrayLevelEmphasis,0.0,0.0,0.0,0.0,20.0,0.0,0.0,100.0,60.0
wavelet-HLH_glrlm_LowGrayLevelRunEmphasis,0.0,0.0,0.0,0.0,40.0,0.0,0.0,100.0,20.0
wavelet-HLH_glrlm_RunEntropy,0.0,0.0,0.0,0.0,20.0,0.0,0.0,100.0,100.0
wavelet-HLH_glrlm_RunLengthNonUniformity,20.0,0.0,20.0,0.0,0.0,60.0,0.0,100.0,100.0
wavelet-HLH_glrlm_RunLengthNonUniformityNormalized,0.0,0.0,0.0,0.0,0.0,0.0,0.0,100.0,100.0
wavelet-HLH_glrlm_RunPercentage,0.0,0.0,0.0,0.0,0.0,20.0,0.0,100.0,60.0
wavelet-HLH_glrlm_RunVariance,0.0,0.0,0.0,0.0,0.0,0.0,0.0,100.0,100.0
wavelet-HLH_glrlm_ShortRunEmphasis,0.0,0.0,0.0,0.0,0.0,0.0,0.0,100.0,60.0
wavelet-HLH_glrlm_ShortRunHighGrayLevelEmphasis,40.0,0.0,0.0,0.0,40.0,0.0,0.0,100.0,100.0
wavelet-HLH_glrlm_ShortRunLowGrayLevelEmphasis,0.0,0.0,0.0,0.0,40.0,0.0,20.0,100.0,20.0
wavelet-HLH_glszm_GrayLevelNonUniformity,0.0,0.0,80.0,0.0,40.0,0.0,20.0,100.0,100.0
wavelet-HLH_glszm_GrayLevelNonUniformityNormalized,0.0,0.0,0.0,0.0,0.0,0.0,0.0,100.0,60.0
wavelet-HLH_glszm_GrayLevelVariance,60.0,0.0,0.0,0.0,20.0,0.0,0.0,100.0,100.0
wavelet-HLH_glszm_HighGrayLevelZoneEmphasis,0.0,0.0,20.0,0.0,60.0,20.0,40.0,100.0,100.0
wavelet-HLH_glszm_LargeAreaEmphasis,0.0,0.0,0.0,0.0,40.0,0.0,0.0,100.0,100.0
wavelet-HLH_glszm_LargeAreaHighGrayLevelEmphasis,0.0,0.0,80.0,40.0,40.0,0.0,80.0,100.0,100.0
wavelet-HLH_glszm_LargeAreaLowGrayLevelEmphasis,0.0,0.0,0.0,0.0,0.0,0.0,0.0,100.0,100.0
wavelet-HLH_glszm_LowGrayLevelZoneEmphasis,0.0,0.0,0.0,0.0,40.0,0.0,0.0,100.0,20.0
wavelet-HLH_glszm_SizeZoneNonUniformity,0.0,0.0,60.0,60.0,20.0,0.0,0.0,100.0,100.0
wavelet-HLH_glszm_SizeZoneNonUniformityNormalized,40.0,20.0,20.0,0.0,20.0,20.0,0.0,100.0,60.0
wavelet-HLH_glszm_SmallAreaEmphasis,0.0,0.0,20.0,0.0,20.0,0.0,0.0,100.0,60.0
wavelet-HLH_glszm_SmallAreaHighGrayLevelEmphasis,40.0,0.0,20.0,0.0,0.0,20.0,0.0,100.0,100.0
wavelet-HLH_glszm_SmallAreaLowGrayLevelEmphasis,0.0,0.0,0.0,0.0,40.0,0.0,40.0,100.0,20.0
wavelet-HLH_glszm_ZoneEntropy,0.0,0.0,40.0,0.0,40.0,0.0,20.0,100.0,100.0
wavelet-HLH_glszm_ZonePercentage,0.0,0.0,0.0,0.0,20.0,0.0,0.0,100.0,100.0
wavelet-HLH_glszm_ZoneVariance,0.0,0.0,0.0,0.0,0.0,0.0,0.0,100.0,100.0
wavelet-HLL_firstorder_10Percentile,20.0,0.0,0.0,0.0,40.0,0.0,0.0,100.0,100.0
wavelet-HLL_firstorder_90Percentile,0.0,0.0,0.0,0.0,0.0,20.0,0.0,100.0,100.0
wavelet-HLL_firstorder_Energy,0.0,0.0,0.0,0.0,0.0,100.0,0.0,100.0,100.0
wavelet-HLL_firstorder_Entropy,0.0,0.0,0.0,0.0,20.0,20.0,0.0,100.0,100.0
wavelet-HLL_firstorder_InterquartileRange,0.0,0.0,0.0,0.0,0.0,0.0,0.0,100.0,100.0
wavelet-HLL_firstorder_Kurtosis,20.0,0.0,40.0,0.0,40.0,60.0,0.0,100.0,100.0
wavelet-HLL_firstorder_Maximum,60.0,0.0,40.0,0.0,40.0,20.0,0.0,100.0,100.0
wavelet-HLL_firstorder_Mean,100.0,0.0,40.0,0.0,40.0,40.0,0.0,100.0,100.0
wavelet-HLL_firstorder_MeanAbsoluteDeviation,0.0,0.0,20.0,0.0,40.0,20.0,0.0,100.0,100.0
wavelet-HLL_firstorder_Median,100.0,40.0,40.0,20.0,100.0,0.0,100.0,100.0,100.0
wavelet-HLL_firstorder_Minimum,0.0,0.0,0.0,0.0,20.0,0.0,0.0,100.0,100.0
wavelet-HLL_firstorder_Range,0.0,0.0,40.0,0.0,40.0,0.0,0.0,100.0,100.0
wavelet-HLL_firstorder_RobustMeanAbsoluteDeviation,0.0,0.0,0.0,0.0,0.0,20.0,0.0,100.0,100.0
wavelet-HLL_firstorder_RootMeanSquared,0.0,0.0,40.0,0.0,40.0,20.0,0.0,100.0,100.0
wavelet-HLL_firstorder_Skewness,100.0,100.0,80.0,20.0,100.0,80.0,40.0,100.0,100.0
wavelet-HLL_firstorder_TotalEnergy,0.0,0.0,20.0,0.0,60.0,100.0,60.0,100.0,100.0
wavelet-HLL_firstorder_Uniformity,40.0,0.0,0.0,0.0,0.0,0.0,0.0,100.0,20.0
wavelet-HLL_firstorder_Variance,40.0,0.0,0.0,0.0,20.0,40.0,0.0,100.0,100.0
wavelet-HLL_glcm_Autocorrelation,0.0,0.0,0.0,0.0,20.0,0.0,0.0,100.0,100.0
wavelet-HLL_glcm_ClusterProminence,0.0,0.0,20.0,0.0,20.0,20.0,0.0,100.0,100.0
wavelet-HLL_glcm_ClusterShade,100.0,100.0,40.0,40.0,80.0,60.0,60.0,100.0,100.0
wavelet-HLL_glcm_ClusterTendency,40.0,0.0,20.0,0.0,0.0,60.0,0.0,100.0,100.0
wavelet-HLL_glcm_Contrast,20.0,0.0,0.0,0.0,0.0,40.0,0.0,100.0,100.0
wavelet-HLL_glcm_Correlation,0.0,0.0,60.0,0.0,20.0,0.0,0.0,100.0,60.0
wavelet-HLL_glcm_DifferenceAverage,0.0,0.0,0.0,0.0,0.0,0.0,0.0,100.0,100.0
wavelet-HLL_glcm_DifferenceEntropy,0.0,0.0,0.0,0.0,0.0,0.0,0.0,100.0,100.0
wavelet-HLL_glcm_DifferenceVariance,60.0,0.0,0.0,0.0,20.0,40.0,0.0,100.0,100.0
wavelet-HLL_glcm_Id,60.0,0.0,20.0,0.0,0.0,0.0,0.0,100.0,60.0
wavelet-HLL_glcm_Idm,100.0,0.0,0.0,0.0,0.0,0.0,0.0,100.0,60.0
wavelet-HLL_glcm_Idmn,0.0,0.0,0.0,0.0,40.0,20.0,0.0,100.0,20.0
wavelet-HLL_glcm_Idn,0.0,0.0,0.0,0.0,40.0,0.0,20.0,100.0,20.0
wavelet-HLL_glcm_Imc1,80.0,40.0,20.0,0.0,40.0,40.0,20.0,100.0,60.0
wavelet-HLL_glcm_Imc2,0.0,0.0,20.0,0.0,20.0,20.0,0.0,100.0,60.0
wavelet-HLL_glcm_InverseVariance,80.0,0.0,0.0,0.0,0.0,20.0,0.0,100.0,60.0
wavelet-HLL_glcm_JointAverage,0.0,0.0,40.0,20.0,0.0,0.0,0.0,100.0,100.0
wavelet-HLL_glcm_JointEnergy,100.0,20.0,0.0,0.0,20.0,80.0,0.0,100.0,20.0
wavelet-HLL_glcm_JointEntropy,80.0,40.0,40.0,0.0,0.0,40.0,0.0,100.0,100.0
wavelet-HLL_glcm_MaximumProbability,100.0,100.0,0.0,0.0,0.0,100.0,0.0,100.0,20.0
wavelet-HLL_glcm_SumEntropy,0.0,0.0,0.0,0.0,20.0,20.0,0.0,100.0,100.0
wavelet-HLL_glcm_SumSquares,20.0,0.0,0.0,0.0,0.0,0.0,0.0,100.0,100.0
wavelet-HLL_gldm_DependenceEntropy,0.0,0.0,40.0,0.0,0.0,20.0,0.0,100.0,100.0
wavelet-HLL_gldm_DependenceNonUniformity,20.0,0.0,20.0,0.0,20.0,0.0,0.0,100.0,100.0
wavelet-HLL_gldm_DependenceNonUniformityNormalized,40.0,0.0,0.0,0.0,0.0,0.0,0.0,100.0,60.0
wavelet-HLL_gldm_DependenceVariance,100.0,20.0,0.0,0.0,0.0,20.0,0.0,100.0,100.0
wavelet-HLL_gldm_GrayLevelNonUniformity,0.0,0.0,0.0,0.0,0.0,0.0,0.0,100.0,100.0
wavelet-HLL_gldm_GrayLevelVariance,40.0,0.0,0.0,0.0,20.0,80.0,0.0,100.0,100.0
wavelet-HLL_gldm_HighGrayLevelEmphasis,0.0,0.0,0.0,0.0,20.0,0.0,0.0,100.0,100.0
wavelet-HLL_gldm_LargeDependenceEmphasis,100.0,0.0,0.0,0.0,0.0,20.0,0.0,100.0,100.0
wavelet-HLL_gldm_LargeDependenceHighGrayLevelEmphasis,20.0,0.0,60.0,0.0,20.0,0.0,0.0,100.0,100.0
wavelet-HLL_gldm_LargeDependenceLowGrayLevelEmphasis,60.0,20.0,0.0,0.0,40.0,60.0,80.0,100.0,20.0
wavelet-HLL_gldm_LowGrayLevelEmphasis,60.0,0.0,0.0,0.0,20.0,40.0,0.0,100.0,20.0
wavelet-HLL_gldm_SmallDependenceEmphasis,0.0,0.0,0.0,0.0,0.0,0.0,0.0,100.0,60.0
wavelet-HLL_gldm_SmallDependenceHighGrayLevelEmphasis,0.0,0.0,0.0,0.0,20.0,0.0,0.0,100.0,100.0
wavelet-HLL_gldm_SmallDependenceLowGrayLevelEmphasis,40.0,0.0,0.0,0.0,40.0,0.0,0.0,100.0,20.0
wavelet-HLL_glrlm_GrayLevelNonUniformity,0.0,0.0,0.0,0.0,0.0,0.0,0.0,100.0,100.0
wavelet-HLL_glrlm_GrayLevelNonUniformityNormalized,20.0,0.0,0.0,0.0,0.0,40.0,0.0,100.0,20.0
wavelet-HLL_glrlm_GrayLevelVariance,40.0,0.0,0.0,0.0,20.0,60.0,0.0,100.0,100.0
wavelet-HLL_glrlm_HighGrayLevelRunEmphasis,0.0,0.0,0.0,0.0,20.0,0.0,0.0,100.0,100.0
wavelet-HLL_glrlm_LongRunEmphasis,100.0,0.0,0.0,0.0,0.0,20.0,0.0,100.0,60.0
wavelet-HLL_glrlm_LongRunHighGrayLevelEmphasis,0.0,0.0,0.0,0.0,20.0,0.0,0.0,100.0,100.0
wavelet-HLL_glrlm_LongRunLowGrayLevelEmphasis,60.0,20.0,0.0,0.0,40.0,20.0,0.0,100.0,20.0
wavelet-HLL_glrlm_LowGrayLevelRunEmphasis,60.0,0.0,0.0,0.0,20.0,40.0,0.0,100.0,20.0
wavelet-HLL_glrlm_RunEntropy,0.0,0.0,0.0,0.0,20.0,0.0,0.0,100.0,100.0
wavelet-HLL_glrlm_RunLengthNonUniformity,20.0,0.0,20.0,0.0,0.0,20.0,0.0,100.0,100.0
wavelet-HLL_glrlm_RunLengthNonUniformityNormalized,60.0,0.0,0.0,20.0,0.0,0.0,0.0,100.0,40.0
wavelet-HLL_glrlm_RunPercentage,100.0,0.0,0.0,0.0,0.0,0.0,0.0,100.0,20.0
wavelet-HLL_glrlm_RunVariance,100.0,0.0,0.0,0.0,0.0,40.0,0.0,100.0,20.0
wavelet-HLL_glrlm_ShortRunEmphasis,60.0,0.0,0.0,0.0,0.0,0.0,0.0,100.0,20.0
wavelet-HLL_glrlm_ShortRunHighGrayLevelEmphasis,0.0,0.0,0.0,0.0,20.0,0.0,0.0,100.0,100.0
wavelet-HLL_glrlm_ShortRunLowGrayLevelEmphasis,60.0,0.0,0.0,0.0,20.0,0.0,0.0,100.0,20.0
wavelet-HLL_glszm_GrayLevelNonUniformity,20.0,40.0,0.0,0.0,0.0,20.0,0.0,100.0,100.0
wavelet-HLL_glszm_GrayLevelNonUniformityNormalized,0.0,0.0,0.0,0.0,0.0,0.0,0.0,100.0,20.0
wavelet-HLL_glszm_GrayLevelVariance,60.0,0.0,0.0,0.0,20.0,60.0,0.0,100.0,100.0
wavelet-HLL_glszm_HighGrayLevelZoneEmphasis,0.0,0.0,0.0,0.0,20.0,0.0,0.0,100.0,100.0
wavelet-HLL_glszm_LargeAreaEmphasis,40.0,0.0,0.0,0.0,0.0,0.0,0.0,100.0,100.0
wavelet-HLL_glszm_LargeAreaHighGrayLevelEmphasis,20.0,0.0,20.0,0.0,0.0,0.0,0.0,100.0,100.0
wavelet-HLL_glszm_LargeAreaLowGrayLevelEmphasis,60.0,0.0,20.0,0.0,60.0,20.0,0.0,100.0,60.0
wavelet-HLL_glszm_LowGrayLevelZoneEmphasis,60.0,0.0,0.0,0.0,20.0,0.0,0.0,100.0,20.0
wavelet-HLL_glszm_SizeZoneNonUniformity,20.0,0.0,20.0,0.0,20.0,0.0,0.0,100.0,100.0
wavelet-HLL_glszm_SizeZoneNonUniformityNormalized,0.0,0.0,0.0,0.0,0.0,0.0,0.0,100.0,60.0
wavelet-HLL_glszm_SmallAreaEmphasis,0.0,0.0,20.0,0.0,0.0,0.0,0.0,100.0,60.0
wavelet-HLL_glszm_SmallAreaHighGrayLevelEmphasis,0.0,0.0,0.0,0.0,20.0,0.0,0.0,100.0,100.0
wavelet-HLL_glszm_SmallAreaLowGrayLevelEmphasis,60.0,0.0,0.0,0.0,20.0,0.0,0.0,100.0,20.0
wavelet-HLL_glszm_ZoneEntropy,0.0,0.0,40.0,0.0,40.0,0.0,20.0,100.0,100.0
wavelet-HLL_glszm_ZonePercentage,20.0,0.0,0.0,0.0,0.0,0.0,0.0,100.0,100.0
wavelet-HLL_glszm_ZoneVariance,40.0,0.0,0.0,0.0,0.0,0.0,0.0,100.0,100.0
wavelet-LHH_firstorder_10Percentile,0.0,0.0,20.0,0.0,20.0,0.0,40.0,100.0,100.0
wavelet-LHH_firstorder_90Percentile,0.0,0.0,0.0,0.0,20.0,0.0,0.0,100.0,100.0
wavelet-LHH_firstorder_Energy,0.0,0.0,0.0,0.0,0.0,100.0,0.0,100.0,100.0
wavelet-LHH_firstorder_Entropy,0.0,0.0,0.0,0.0,0.0,0.0,0.0,100.0,100.0
wavelet-LHH_firstorder_InterquartileRange,0.0,0.0,0.0,0.0,20.0,0.0,0.0,100.0,100.0
wavelet-LHH_firstorder_Kurtosis,0.0,0.0,80.0,20.0,40.0,0.0,20.0,100.0,100.0
wavelet-LHH_firstorder_Maximum,0.0,0.0,0.0,0.0,0.0,0.0,0.0,100.0,100.0
wavelet-LHH_firstorder_Mean,0.0,0.0,20.0,0.0,40.0,0.0,40.0,100.0,100.0
wavelet-LHH_firstorder_MeanAbsoluteDeviation,0.0,0.0,0.0,0.0,20.0,0.0,0.0,100.0,100.0
wavelet-LHH_firstorder_Median,60.0,20.0,80.0,0.0,80.0,0.0,80.0,100.0,100.0
wavelet-LHH_firstorder_Minimum,0.0,0.0,0.0,0.0,20.0,0.0,0.0,100.0,100.0
wavelet-LHH_firstorder_Range,0.0,0.0,20.0,0.0,0.0,20.0,0.0,100.0,100.0
wavelet-LHH_firstorder_RobustMeanAbsoluteDeviation,0.0,0.0,0.0,0.0,20.0,0.0,20.0,100.0,100.0
wavelet-LHH_firstorder_RootMeanSquared,40.0,0.0,40.0,0.0,40.0,0.0,0.0,100.0,100.0
wavelet-LHH_firstorder_Skewness,0.0,0.0,60.0,20.0,40.0,0.0,0.0,100.0,100.0
wavelet-LHH_firstorder_TotalEnergy,0.0,0.0,0.0,0.0,0.0,100.0,0.0,100.0,100.0
wavelet-LHH_firstorder_Uniformity,0.0,0.0,0.0,0.0,0.0,0.0,0.0,100.0,60.0
wavelet-LHH_firstorder_Variance,20.0,0.0,0.0,0.0,40.0,0.0,0.0,100.0,100.0
wavelet-LHH_glcm_Autocorrelation,0.0,0.0,0.0,0.0,0.0,0.0,0.0,100.0,100.0
wavelet-LHH_glcm_ClusterProminence,40.0,0.0,0.0,0.0,40.0,20.0,0.0,100.0,100.0
wavelet-LHH_glcm_ClusterShade,0.0,0.0,60.0,20.0,40.0,0.0,20.0,100.0,100.0
wavelet-LHH_glcm_ClusterTendency,20.0,0.0,0.0,0.0,40.0,0.0,0.0,100.0,100.0
wavelet-LHH_glcm_Contrast,20.0,0.0,0.0,0.0,60.0,0.0,20.0,100.0,100.0
wavelet-LHH_glcm_Correlation,0.0,0.0,40.0,20.0,20.0,20.0,20.0,100.0,60.0
wavelet-LHH_glcm_DifferenceAverage,0.0,0.0,0.0,0.0,40.0,0.0,0.0,100.0,100.0
wavelet-LHH_glcm_DifferenceEntropy,0.0,0.0,20.0,0.0,0.0,0.0,0.0,100.0,100.0
wavelet-LHH_glcm_DifferenceVariance,40.0,0.0,0.0,0.0,60.0,0.0,20.0,100.0,100.0
wavelet-LHH_glcm_Id,0.0,0.0,0.0,0.0,0.0,0.0,0.0,100.0,100.0
wavelet-LHH_glcm_Idm,0.0,0.0,0.0,0.0,0.0,0.0,0.0,100.0,100.0
wavelet-LHH_glcm_Idmn,0.0,0.0,0.0,0.0,20.0,0.0,0.0,100.0,20.0
wavelet-LHH_glcm_Idn,0.0,0.0,0.0,0.0,40.0,0.0,0.0,100.0,20.0
wavelet-LHH_glcm_Imc1,100.0,60.0,20.0,0.0,80.0,100.0,40.0,100.0,60.0
wavelet-LHH_glcm_Imc2,80.0,40.0,20.0,0.0,40.0,40.0,0.0,100.0,100.0
wavelet-LHH_glcm_InverseVariance,0.0,0.0,0.0,0.0,0.0,0.0,0.0,100.0,60.0
wavelet-LHH_glcm_JointAverage,0.0,0.0,0.0,20.0,20.0,0.0,0.0,100.0,100.0
wavelet-LHH_glcm_JointEnergy,0.0,0.0,0.0,0.0,0.0,0.0,0.0,100.0,60.0
wavelet-LHH_glcm_JointEntropy,0.0,0.0,0.0,0.0,0.0,0.0,0.0,100.0,100.0
wavelet-LHH_glcm_MaximumProbability,0.0,0.0,0.0,0.0,20.0,0.0,0.0,100.0,60.0
wavelet-LHH_glcm_SumEntropy,0.0,0.0,0.0,0.0,0.0,0.0,0.0,100.0,100.0
wavelet-LHH_glcm_SumSquares,20.0,0.0,0.0,0.0,60.0,0.0,20.0,100.0,100.0
wavelet-LHH_gldm_DependenceEntropy,20.0,0.0,0.0,0.0,40.0,0.0,20.0,100.0,100.0
wavelet-LHH_gldm_DependenceNonUniformity,0.0,0.0,20.0,40.0,40.0,0.0,0.0,100.0,100.0
wavelet-LHH_gldm_DependenceNonUniformityNormalized,0.0,0.0,40.0,0.0,20.0,0.0,0.0,100.0,80.0
wavelet-LHH_gldm_DependenceVariance,20.0,0.0,0.0,0.0,0.0,0.0,0.0,100.0,100.0
wavelet-LHH_gldm_GrayLevelNonUniformity,0.0,0.0,0.0,0.0,0.0,0.0,0.0,100.0,100.0
wavelet-LHH_gldm_GrayLevelVariance,20.0,0.0,0.0,0.0,40.0,0.0,0.0,100.0,100.0
wavelet-LHH_gldm_HighGrayLevelEmphasis,0.0,0.0,0.0,0.0,0.0,0.0,0.0,100.0,100.0
wavelet-LHH_gldm_LargeDependenceEmphasis,0.0,0.0,0.0,0.0,0.0,20.0,0.0,100.0,100.0
wavelet-LHH_gldm_LargeDependenceHighGrayLevelEmphasis,40.0,0.0,40.0,0.0,0.0,0.0,0.0,100.0,100.0
wavelet-LHH_gldm_LargeDependenceLowGrayLevelEmphasis,0.0,0.0,0.0,0.0,0.0,0.0,0.0,100.0,100.0
wavelet-LHH_gldm_LowGrayLevelEmphasis,0.0,0.0,0.0,0.0,0.0,0.0,0.0,100.0,20.0
wavelet-LHH_gldm_SmallDependenceEmphasis,0.0,0.0,0.0,20.0,20.0,0.0,0.0,100.0,60.0
wavelet-LHH_gldm_SmallDependenceHighGrayLevelEmphasis,0.0,0.0,0.0,0.0,20.0,20.0,0.0,100.0,100.0
wavelet-LHH_gldm_SmallDependenceLowGrayLevelEmphasis,0.0,0.0,0.0,0.0,20.0,20.0,20.0,100.0,20.0
wavelet-LHH_glrlm_GrayLevelNonUniformity,0.0,0.0,0.0,0.0,0.0,20.0,0.0,100.0,100.0
wavelet-LHH_glrlm_GrayLevelNonUniformityNormalized,0.0,0.0,0.0,0.0,0.0,0.0,0.0,100.0,60.0
wavelet-LHH_glrlm_GrayLevelVariance,40.0,0.0,0.0,0.0,40.0,0.0,0.0,100.0,100.0
wavelet-LHH_glrlm_HighGrayLevelRunEmphasis,0.0,0.0,0.0,0.0,0.0,0.0,0.0,100.0,100.0
wavelet-LHH_glrlm_LongRunEmphasis,0.0,0.0,0.0,0.0,0.0,0.0,0.0,100.0,100.0
wavelet-LHH_glrlm_LongRunHighGrayLevelEmphasis,20.0,0.0,20.0,0.0,0.0,0.0,0.0,100.0,100.0
wavelet-LHH_glrlm_LongRunLowGrayLevelEmphasis,0.0,0.0,0.0,0.0,0.0,0.0,0.0,100.0,40.0
wavelet-LHH_glrlm_LowGrayLevelRunEmphasis,0.0,0.0,0.0,0.0,0.0,0.0,0.0,100.0,20.0
wavelet-LHH_glrlm_RunEntropy,0.0,0.0,40.0,0.0,40.0,0.0,0.0,100.0,100.0
wavelet-LHH_glrlm_RunLengthNonUniformity,20.0,0.0,20.0,0.0,0.0,20.0,0.0,100.0,100.0
wavelet-LHH_glrlm_RunLengthNonUniformityNormalized,0.0,0.0,0.0,0.0,0.0,0.0,0.0,100.0,100.0
wavelet-LHH_glrlm_RunPercentage,0.0,0.0,0.0,0.0,0.0,0.0,0.0,100.0,60.0
wavelet-LHH_glrlm_RunVariance,0.0,0.0,0.0,0.0,0.0,20.0,0.0,100.0,100.0
wavelet-LHH_glrlm_ShortRunEmphasis,0.0,0.0,0.0,0.0,0.0,0.0,0.0,100.0,60.0
wavelet-LHH_glrlm_ShortRunHighGrayLevelEmphasis,0.0,0.0,0.0,0.0,0.0,0.0,0.0,100.0,100.0
wavelet-LHH_glrlm_ShortRunLowGrayLevelEmphasis,0.0,0.0,0.0,0.0,20.0,40.0,0.0,100.0,20.0
wavelet-LHH_glszm_GrayLevelNonUniformity,0.0,0.0,20.0,20.0,40.0,20.0,0.0,100.0,100.0
wavelet-LHH_glszm_GrayLevelNonUniformityNormalized,0.0,0.0,0.0,0.0,20.0,0.0,0.0,100.0,60.0
wavelet-LHH_glszm_GrayLevelVariance,20.0,0.0,20.0,20.0,40.0,20.0,0.0,100.0,100.0
wavelet-LHH_glszm_HighGrayLevelZoneEmphasis,0.0,0.0,0.0,0.0,40.0,0.0,20.0,100.0,100.0
wavelet-LHH_glszm_LargeAreaEmphasis,0.0,0.0,0.0,0.0,40.0,0.0,0.0,100.0,100.0
wavelet-LHH_glszm_LargeAreaHighGrayLevelEmphasis,0.0,0.0,60.0,20.0,0.0,0.0,0.0,100.0,100.0
wavelet-LHH_glszm_LargeAreaLowGrayLevelEmphasis,0.0,0.0,0.0,20.0,0.0,20.0,0.0,100.0,100.0
wavelet-LHH_glszm_LowGrayLevelZoneEmphasis,0.0,0.0,0.0,0.0,0.0,0.0,0.0,100.0,20.0
wavelet-LHH_glszm_SizeZoneNonUniformity,0.0,0.0,60.0,40.0,20.0,0.0,0.0,100.0,100.0
wavelet-LHH_glszm_SizeZoneNonUniformityNormalized,20.0,0.0,20.0,0.0,60.0,0.0,20.0,100.0,100.0
wavelet-LHH_glszm_SmallAreaEmphasis,20.0,0.0,0.0,0.0,40.0,0.0,20.0,100.0,60.0
wavelet-LHH_glszm_SmallAreaHighGrayLevelEmphasis,20.0,0.0,0.0,0.0,0.0,0.0,0.0,100.0,100.0
wavelet-LHH_glszm_SmallAreaLowGrayLevelEmphasis,0.0,0.0,0.0,0.0,40.0,0.0,0.0,100.0,20.0
wavelet-LHH_glszm_ZoneEntropy,0.0,0.0,20.0,0.0,0.0,0.0,0.0,100.0,100.0
wavelet-LHH_glszm_ZonePercentage,0.0,0.0,0.0,0.0,20.0,0.0,0.0,100.0,100.0
wavelet-LHH_glszm_ZoneVariance,0.0,0.0,0.0,0.0,0.0,0.0,0.0,100.0,100.0
wavelet-LHL_firstorder_10Percentile,0.0,0.0,0.0,0.0,20.0,0.0,20.0,100.0,100.0
wavelet-LHL_firstorder_90Percentile,0.0,0.0,0.0,0.0,20.0,40.0,0.0,100.0,100.0
wavelet-LHL_firstorder_Energy,0.0,0.0,0.0,0.0,0.0,60.0,0.0,100.0,100.0
wavelet-LHL_firstorder_Entropy,0.0,0.0,0.0,0.0,0.0,0.0,0.0,100.0,100.0
wavelet-LHL_firstorder_InterquartileRange,0.0,0.0,0.0,0.0,0.0,0.0,0.0,100.0,100.0
wavelet-LHL_firstorder_Kurtosis,60.0,0.0,60.0,0.0,40.0,0.0,0.0,100.0,100.0
wavelet-LHL_firstorder_Maximum,0.0,0.0,40.0,0.0,40.0,0.0,40.0,100.0,100.0
wavelet-LHL_firstorder_Mean,100.0,20.0,60.0,20.0,40.0,20.0,20.0,100.0,100.0
wavelet-LHL_firstorder_MeanAbsoluteDeviation,0.0,0.0,0.0,0.0,0.0,0.0,0.0,100.0,100.0
wavelet-LHL_firstorder_Median,100.0,0.0,40.0,0.0,40.0,20.0,0.0,100.0,100.0
wavelet-LHL_firstorder_Minimum,0.0,0.0,20.0,0.0,40.0,20.0,0.0,100.0,100.0
wavelet-LHL_firstorder_Range,0.0,0.0,20.0,0.0,40.0,0.0,20.0,100.0,100.0
wavelet-LHL_firstorder_RobustMeanAbsoluteDeviation,0.0,0.0,0.0,0.0,0.0,0.0,0.0,100.0,100.0
wavelet-LHL_firstorder_RootMeanSquared,0.0,0.0,60.0,0.0,20.0,0.0,0.0,100.0,100.0
wavelet-LHL_firstorder_Skewness,40.0,40.0,60.0,20.0,20.0,20.0,0.0,100.0,100.0
wavelet-LHL_firstorder_TotalEnergy,0.0,0.0,0.0,0.0,0.0,60.0,0.0,100.0,100.0
wavelet-LHL_firstorder_Uniformity,40.0,0.0,0.0,0.0,40.0,20.0,0.0,100.0,20.0
wavelet-LHL_firstorder_Variance,20.0,0.0,0.0,0.0,20.0,0.0,0.0,100.0,100.0
wavelet-LHL_glcm_Autocorrelation,0.0,0.0,40.0,20.0,40.0,0.0,0.0,100.0,100.0
wavelet-LHL_glcm_ClusterProminence,0.0,0.0,0.0,0.0,20.0,0.0,0.0,100.0,100.0
wavelet-LHL_glcm_ClusterShade,60.0,0.0,40.0,20.0,80.0,20.0,20.0,100.0,100.0
wavelet-LHL_glcm_ClusterTendency,0.0,0.0,0.0,0.0,40.0,0.0,0.0,100.0,100.0
wavelet-LHL_glcm_Contrast,0.0,0.0,0.0,0.0,40.0,0.0,20.0,100.0,100.0
wavelet-LHL_glcm_Correlation,40.0,20.0,60.0,0.0,40.0,40.0,20.0,100.0,60.0
wavelet-LHL_glcm_DifferenceAverage,0.0,0.0,20.0,0.0,0.0,0.0,0.0,100.0,100.0
wavelet-LHL_glcm_DifferenceEntropy,0.0,0.0,0.0,0.0,20.0,0.0,0.0,100.0,100.0
wavelet-LHL_glcm_DifferenceVariance,20.0,0.0,0.0,0.0,40.0,0.0,0.0,100.0,100.0
wavelet-LHL_glcm_Id,100.0,0.0,0.0,0.0,40.0,0.0,20.0,100.0,60.0
wavelet-LHL_glcm_Idm,100.0,0.0,0.0,0.0,40.0,100.0,20.0,100.0,60.0
wavelet-LHL_glcm_Idmn,20.0,0.0,0.0,0.0,60.0,20.0,20.0,100.0,20.0
wavelet-LHL_glcm_Idn,60.0,0.0,0.0,20.0,0.0,0.0,0.0,100.0,20.0
wavelet-LHL_glcm_Imc1,80.0,0.0,20.0,0.0,40.0,20.0,40.0,100.0,60.0
wavelet-LHL_glcm_Imc2,20.0,0.0,20.0,0.0,20.0,0.0,0.0,100.0,60.0
wavelet-LHL_glcm_InverseVariance,100.0,20.0,0.0,20.0,40.0,40.0,20.0,100.0,60.0
wavelet-LHL_glcm_JointAverage,0.0,0.0,20.0,0.0,40.0,0.0,0.0,100.0,100.0
wavelet-LHL_glcm_JointEnergy,100.0,40.0,0.0,0.0,60.0,20.0,0.0,100.0,20.0
wavelet-LHL_glcm_JointEntropy,100.0,0.0,60.0,0.0,40.0,0.0,0.0,100.0,100.0
wavelet-LHL_glcm_MaximumProbability,100.0,60.0,0.0,0.0,60.0,100.0,80.0,100.0,20.0
wavelet-LHL_glcm_SumEntropy,0.0,0.0,0.0,0.0,0.0,0.0,0.0,100.0,100.0
wavelet-LHL_glcm_SumSquares,0.0,0.0,0.0,0.0,40.0,0.0,0.0,100.0,100.0
wavelet-LHL_gldm_DependenceEntropy,0.0,0.0,40.0,0.0,0.0,20.0,0.0,100.0,100.0
wavelet-LHL_gldm_DependenceNonUniformity,20.0,0.0,20.0,0.0,40.0,0.0,0.0,100.0,100.0
wavelet-LHL_gldm_DependenceNonUniformityNormalized,40.0,0.0,0.0,0.0,20.0,0.0,0.0,100.0,60.0
wavelet-LHL_gldm_DependenceVariance,100.0,20.0,20.0,0.0,40.0,20.0,40.0,100.0,100.0
wavelet-LHL_gldm_GrayLevelNonUniformity,0.0,0.0,0.0,0.0,20.0,0.0,0.0,100.0,100.0
wavelet-LHL_gldm_GrayLevelVariance,20.0,0.0,0.0,0.0,20.0,0.0,0.0,100.0,100.0
wavelet-LHL_gldm_HighGrayLevelEmphasis,0.0,0.0,0.0,0.0,40.0,0.0,0.0,100.0,100.0
wavelet-LHL_gldm_LargeDependenceEmphasis,100.0,0.0,0.0,0.0,40.0,0.0,40.0,100.0,100.0
wavelet-LHL_gldm_LargeDependenceHighGrayLevelEmphasis,40.0,0.0,40.0,0.0,20.0,0.0,0.0,100.0,100.0
wavelet-LHL_gldm_LargeDependenceLowGrayLevelEmphasis,40.0,0.0,0.0,0.0,20.0,0.0,0.0,100.0,20.0
wavelet-LHL_gldm_LowGrayLevelEmphasis,0.0,0.0,0.0,0.0,40.0,0.0,20.0,100.0,20.0
wavelet-LHL_gldm_SmallDependenceEmphasis,20.0,0.0,0.0,0.0,40.0,20.0,0.0,100.0,80.0
wavelet-LHL_gldm_SmallDependenceHighGrayLevelEmphasis,0.0,0.0,0.0,0.0,40.0,40.0,40.0,100.0,100.0
wavelet-LHL_gldm_SmallDependenceLowGrayLevelEmphasis,0.0,0.0,0.0,0.0,40.0,0.0,40.0,100.0,20.0
wavelet-LHL_glrlm_GrayLevelNonUniformity,0.0,0.0,0.0,0.0,20.0,0.0,0.0,100.0,100.0
wavelet-LHL_glrlm_GrayLevelNonUniformityNormalized,40.0,0.0,0.0,0.0,40.0,0.0,0.0,100.0,20.0
wavelet-LHL_glrlm_GrayLevelVariance,20.0,0.0,20.0,0.0,20.0,0.0,0.0,100.0,100.0
wavelet-LHL_glrlm_HighGrayLevelRunEmphasis,0.0,0.0,20.0,0.0,40.0,0.0,0.0,100.0,100.0
wavelet-LHL_glrlm_LongRunEmphasis,100.0,0.0,0.0,0.0,40.0,0.0,20.0,100.0,60.0
wavelet-LHL_glrlm_LongRunHighGrayLevelEmphasis,0.0,0.0,20.0,0.0,40.0,60.0,0.0,100.0,100.0
wavelet-LHL_glrlm_LongRunLowGrayLevelEmphasis,0.0,0.0,0.0,0.0,40.0,0.0,0.0,100.0,20.0
wavelet-LHL_glrlm_LowGrayLevelRunEmphasis,0.0,0.0,0.0,0.0,40.0,0.0,0.0,100.0,20.0
wavelet-LHL_glrlm_RunEntropy,0.0,0.0,0.0,0.0,0.0,40.0,0.0,100.0,100.0
wavelet-LHL_glrlm_RunLengthNonUniformity,20.0,0.0,20.0,0.0,0.0,100.0,0.0,100.0,100.0
wavelet-LHL_glrlm_RunLengthNonUniformityNormalized,100.0,0.0,0.0,0.0,40.0,40.0,0.0,100.0,60.0
wavelet-LHL_glrlm_RunPercentage,100.0,0.0,0.0,0.0,40.0,20.0,20.0,100.0,20.0
wavelet-LHL_glrlm_RunVariance,100.0,20.0,0.0,0.0,40.0,0.0,20.0,100.0,60.0
wavelet-LHL_glrlm_ShortRunEmphasis,100.0,0.0,0.0,0.0,40.0,20.0,0.0,100.0,20.0
wavelet-LHL_glrlm_ShortRunHighGrayLevelEmphasis,0.0,0.0,0.0,0.0,40.0,20.0,0.0,100.0,100.0
wavelet-LHL_glrlm_ShortRunLowGrayLevelEmphasis,0.0,0.0,0.0,0.0,40.0,0.0,0.0,100.0,20.0
wavelet-LHL_glszm_GrayLevelNonUniformity,20.0,0.0,20.0,0.0,0.0,0.0,0.0,100.0,100.0
wavelet-LHL_glszm_GrayLevelNonUniformityNormalized,0.0,0.0,0.0,0.0,0.0,0.0,0.0,100.0,20.0
wavelet-LHL_glszm_GrayLevelVariance,20.0,0.0,0.0,0.0,0.0,0.0,0.0,100.0,100.0
wavelet-LHL_glszm_HighGrayLevelZoneEmphasis,0.0,0.0,0.0,0.0,40.0,20.0,0.0,100.0,100.0
wavelet-LHL_glszm_LargeAreaEmphasis,40.0,40.0,0.0,0.0,40.0,40.0,0.0,100.0,100.0
wavelet-LHL_glszm_LargeAreaHighGrayLevelEmphasis,0.0,0.0,40.0,0.0,20.0,20.0,0.0,100.0,100.0
wavelet-LHL_glszm_LargeAreaLowGrayLevelEmphasis,20.0,0.0,20.0,0.0,40.0,20.0,0.0,100.0,100.0
wavelet-LHL_glszm_LowGrayLevelZoneEmphasis,0.0,0.0,0.0,0.0,40.0,0.0,0.0,100.0,20.0
wavelet-LHL_glszm_SizeZoneNonUniformity,20.0,20.0,20.0,0.0,40.0,0.0,20.0,100.0,100.0
wavelet-LHL_glszm_SizeZoneNonUniformityNormalized,0.0,0.0,0.0,0.0,40.0,0.0,20.0,100.0,60.0
wavelet-LHL_glszm_SmallAreaEmphasis,0.0,0.0,20.0,0.0,40.0,20.0,40.0,100.0,60.0
wavelet-LHL_glszm_SmallAreaHighGrayLevelEmphasis,0.0,0.0,0.0,0.0,40.0,20.0,0.0,100.0,100.0
wavelet-LHL_glszm_SmallAreaLowGrayLevelEmphasis,0.0,0.0,0.0,0.0,40.0,0.0,20.0,100.0,20.0
wavelet-LHL_glszm_ZoneEntropy,0.0,0.0,20.0,0.0,0.0,0.0,0.0,100.0,100.0
wavelet-LHL_glszm_ZonePercentage,40.0,0.0,0.0,0.0,40.0,20.0,0.0,100.0,100.0
wavelet-LHL_glszm_ZoneVariance,40.0,20.0,0.0,0.0,40.0,0.0,0.0,100.0,100.0
wavelet-LLH_firstorder_10Percentile,0.0,0.0,0.0,0.0,60.0,0.0,20.0,100.0,100.0
wavelet-LLH_firstorder_90Percentile,0.0,20.0,20.0,0.0,20.0,20.0,20.0,100.0,100.0
wavelet-LLH_firstorder_Energy,0.0,0.0,0.0,0.0,0.0,80.0,0.0,100.0,100.0
wavelet-LLH_firstorder_Entropy,0.0,0.0,0.0,0.0,40.0,0.0,0.0,100.0,100.0
wavelet-LLH_firstorder_InterquartileRange,0.0,0.0,0.0,0.0,60.0,0.0,80.0,100.0,100.0
wavelet-LLH_firstorder_Kurtosis,100.0,20.0,80.0,20.0,100.0,0.0,100.0,100.0,100.0
wavelet-LLH_firstorder_Maximum,0.0,0.0,0.0,0.0,20.0,0.0,20.0,100.0,100.0
wavelet-LLH_firstorder_Mean,0.0,0.0,40.0,0.0,20.0,0.0,0.0,100.0,100.0
wavelet-LLH_firstorder_MeanAbsoluteDeviation,0.0,0.0,20.0,0.0,40.0,0.0,0.0,100.0,100.0
wavelet-LLH_firstorder_Median,0.0,0.0,40.0,0.0,40.0,0.0,60.0,100.0,100.0
wavelet-LLH_firstorder_Minimum,0.0,0.0,0.0,0.0,20.0,0.0,0.0,100.0,100.0
wavelet-LLH_firstorder_Range,0.0,0.0,20.0,0.0,40.0,20.0,20.0,100.0,100.0
wavelet-LLH_firstorder_RobustMeanAbsoluteDeviation,0.0,0.0,0.0,0.0,60.0,0.0,60.0,100.0,100.0
wavelet-LLH_firstorder_RootMeanSquared,0.0,0.0,40.0,0.0,40.0,0.0,20.0,100.0,100.0
wavelet-LLH_firstorder_Skewness,0.0,20.0,60.0,20.0,20.0,60.0,0.0,100.0,100.0
wavelet-LLH_firstorder_TotalEnergy,0.0,0.0,0.0,0.0,0.0,80.0,0.0,100.0,100.0
wavelet-LLH_firstorder_Uniformity,20.0,0.0,0.0,0.0,40.0,20.0,40.0,100.0,60.0
wavelet-LLH_firstorder_Variance,0.0,0.0,0.0,0.0,20.0,0.0,0.0,100.0,100.0
wavelet-LLH_glcm_Autocorrelation,0.0,0.0,0.0,0.0,20.0,0.0,20.0,100.0,100.0
wavelet-LLH_glcm_ClusterProminence,0.0,0.0,20.0,0.0,20.0,20.0,20.0,100.0,100.0
wavelet-LLH_glcm_ClusterShade,0.0,0.0,40.0,0.0,0.0,0.0,0.0,100.0,100.0
wavelet-LLH_glcm_ClusterTendency,0.0,0.0,0.0,0.0,20.0,0.0,0.0,100.0,100.0
wavelet-LLH_glcm_Contrast,0.0,0.0,0.0,0.0,20.0,0.0,20.0,100.0,100.0
wavelet-LLH_glcm_Correlation,0.0,0.0,20.0,0.0,40.0,20.0,40.0,100.0,100.0
