Frequency_Rank,Selector,Feature,Selection_Count,Selection_Frequency_Pct
1,Variance,exponential_firstorder_10Percentile,5,100.0
2,Variance,exponential_firstorder_90Percentile,5,100.0
3,Variance,exponential_firstorder_Energy,5,100.0
4,Variance,exponential_firstorder_Entropy,5,100.0
5,Variance,exponential_firstorder_InterquartileRange,5,100.0
6,Variance,exponential_firstorder_Kurtosis,5,100.0
7,Variance,exponential_firstorder_Maximum,5,100.0
8,Variance,exponential_firstorder_Mean,5,100.0
9,Variance,exponential_firstorder_MeanAbsoluteDeviation,5,100.0
10,Variance,exponential_firstorder_Median,5,100.0
11,Variance,exponential_firstorder_Minimum,5,100.0
12,Variance,exponential_firstorder_Range,5,100.0
13,Variance,exponential_firstorder_RobustMeanAbsoluteDeviation,5,100.0
14,Variance,exponential_firstorder_RootMeanSquared,5,100.0
15,Variance,exponential_firstorder_Skewness,5,100.0
16,Variance,exponential_firstorder_TotalEnergy,5,100.0
17,Variance,exponential_firstorder_Uniformity,5,100.0
18,Variance,exponential_firstorder_Variance,5,100.0
19,Variance,exponential_glcm_Autocorrelation,5,100.0
20,Variance,exponential_glcm_ClusterProminence,5,100.0
21,Variance,exponential_glcm_ClusterShade,5,100.0
22,Variance,exponential_glcm_ClusterTendency,5,100.0
23,Variance,exponential_glcm_Contrast,5,100.0
24,Variance,exponential_glcm_Correlation,5,100.0
25,Variance,exponential_glcm_DifferenceAverage,5,100.0
26,Variance,exponential_glcm_DifferenceEntropy,5,100.0
27,Variance,exponential_glcm_DifferenceVariance,5,100.0
28,Variance,exponential_glcm_Id,5,100.0
29,Variance,exponential_glcm_Idm,5,100.0
30,Variance,exponential_glcm_Imc1,5,100.0
31,Variance,exponential_glcm_Imc2,5,100.0
32,Variance,exponential_glcm_InverseVariance,5,100.0
33,Variance,exponential_glcm_JointAverage,5,100.0
34,Variance,exponential_glcm_JointEnergy,5,100.0
35,Variance,exponential_glcm_JointEntropy,5,100.0
36,Variance,exponential_glcm_MCC,5,100.0
37,Variance,exponential_glcm_MaximumProbability,5,100.0
38,Variance,exponential_glcm_SumAverage,5,100.0
39,Variance,exponential_glcm_SumEntropy,5,100.0
40,Variance,exponential_glcm_SumSquares,5,100.0
41,Variance,exponential_gldm_DependenceEntropy,5,100.0
42,Variance,exponential_gldm_DependenceNonUniformity,5,100.0
43,Variance,exponential_gldm_DependenceNonUniformityNormalized,5,100.0
44,Variance,exponential_gldm_DependenceVariance,5,100.0
45,Variance,exponential_gldm_GrayLevelNonUniformity,5,100.0
46,Variance,exponential_gldm_GrayLevelVariance,5,100.0
47,Variance,exponential_gldm_HighGrayLevelEmphasis,5,100.0
48,Variance,exponential_gldm_LargeDependenceEmphasis,5,100.0
49,Variance,exponential_gldm_LargeDependenceHighGrayLevelEmphasis,5,100.0
50,Variance,exponential_gldm_LargeDependenceLowGrayLevelEmphasis,5,100.0
51,Variance,exponential_gldm_LowGrayLevelEmphasis,5,100.0
52,Variance,exponential_gldm_SmallDependenceHighGrayLevelEmphasis,5,100.0
53,Variance,exponential_glrlm_GrayLevelNonUniformity,5,100.0
54,Variance,exponential_glrlm_GrayLevelNonUniformityNormalized,5,100.0
55,Variance,exponential_glrlm_GrayLevelVariance,5,100.0
56,Variance,exponential_glrlm_HighGrayLevelRunEmphasis,5,100.0
57,Variance,exponential_glrlm_LongRunEmphasis,5,100.0
58,Variance,exponential_glrlm_LongRunHighGrayLevelEmphasis,5,100.0
59,Variance,exponential_glrlm_LongRunLowGrayLevelEmphasis,5,100.0
60,Variance,exponential_glrlm_LowGrayLevelRunEmphasis,5,100.0
61,Variance,exponential_glrlm_RunEntropy,5,100.0
62,Variance,exponential_glrlm_RunLengthNonUniformity,5,100.0
63,Variance,exponential_glrlm_RunLengthNonUniformityNormalized,5,100.0
64,Variance,exponential_glrlm_RunPercentage,5,100.0
65,Variance,exponential_glrlm_RunVariance,5,100.0
66,Variance,exponential_glrlm_ShortRunEmphasis,5,100.0
67,Variance,exponential_glrlm_ShortRunHighGrayLevelEmphasis,5,100.0
68,Variance,exponential_glrlm_ShortRunLowGrayLevelEmphasis,5,100.0
69,Variance,exponential_glszm_GrayLevelNonUniformity,5,100.0
70,Variance,exponential_glszm_GrayLevelNonUniformityNormalized,5,100.0
71,Variance,exponential_glszm_GrayLevelVariance,5,100.0
72,Variance,exponential_glszm_HighGrayLevelZoneEmphasis,5,100.0
73,Variance,exponential_glszm_LargeAreaEmphasis,5,100.0
74,Variance,exponential_glszm_LargeAreaHighGrayLevelEmphasis,5,100.0
75,Variance,exponential_glszm_LargeAreaLowGrayLevelEmphasis,5,100.0
76,Variance,exponential_glszm_LowGrayLevelZoneEmphasis,5,100.0
77,Variance,exponential_glszm_SizeZoneNonUniformity,5,100.0
78,Variance,exponential_glszm_SmallAreaEmphasis,5,100.0
79,Variance,exponential_glszm_SmallAreaHighGrayLevelEmphasis,5,100.0
80,Variance,exponential_glszm_ZoneEntropy,5,100.0
81,Variance,exponential_glszm_ZoneVariance,5,100.0
82,Variance,exponential_ngtdm_Busyness,5,100.0
83,Variance,exponential_ngtdm_Coarseness,5,100.0
84,Variance,exponential_ngtdm_Complexity,5,100.0
85,Variance,exponential_ngtdm_Contrast,5,100.0
86,Variance,exponential_ngtdm_Strength,5,100.0
87,Variance,gradient_firstorder_10Percentile,5,100.0
88,Variance,gradient_firstorder_90Percentile,5,100.0
89,Variance,gradient_firstorder_Energy,5,100.0
90,Variance,gradient_firstorder_Entropy,5,100.0
91,Variance,gradient_firstorder_InterquartileRange,5,100.0
92,Variance,gradient_firstorder_Kurtosis,5,100.0
93,Variance,gradient_firstorder_Maximum,5,100.0
94,Variance,gradient_firstorder_Mean,5,100.0
95,Variance,gradient_firstorder_MeanAbsoluteDeviation,5,100.0
96,Variance,gradient_firstorder_Median,5,100.0
97,Variance,gradient_firstorder_Minimum,5,100.0
98,Variance,gradient_firstorder_Range,5,100.0
99,Variance,gradient_firstorder_RobustMeanAbsoluteDeviation,5,100.0
100,Variance,gradient_firstorder_RootMeanSquared,5,100.0
101,Variance,gradient_firstorder_Skewness,5,100.0
102,Variance,gradient_firstorder_TotalEnergy,5,100.0
103,Variance,gradient_firstorder_Uniformity,5,100.0
104,Variance,gradient_firstorder_Variance,5,100.0
105,Variance,gradient_glcm_Autocorrelation,5,100.0
106,Variance,gradient_glcm_ClusterProminence,5,100.0
107,Variance,gradient_glcm_ClusterShade,5,100.0
108,Variance,gradient_glcm_ClusterTendency,5,100.0
109,Variance,gradient_glcm_Contrast,5,100.0
110,Variance,gradient_glcm_Correlation,5,100.0
111,Variance,gradient_glcm_DifferenceAverage,5,100.0
112,Variance,gradient_glcm_DifferenceEntropy,5,100.0
113,Variance,gradient_glcm_DifferenceVariance,5,100.0
114,Variance,gradient_glcm_Id,5,100.0
115,Variance,gradient_glcm_Idm,5,100.0
116,Variance,gradient_glcm_Imc2,5,100.0
117,Variance,gradient_glcm_InverseVariance,5,100.0
118,Variance,gradient_glcm_JointAverage,5,100.0
119,Variance,gradient_glcm_JointEnergy,5,100.0
120,Variance,gradient_glcm_JointEntropy,5,100.0
121,Variance,gradient_glcm_MCC,5,100.0
122,Variance,gradient_glcm_MaximumProbability,5,100.0
123,Variance,gradient_glcm_SumAverage,5,100.0
124,Variance,gradient_glcm_SumEntropy,5,100.0
125,Variance,gradient_glcm_SumSquares,5,100.0
126,Variance,gradient_gldm_DependenceEntropy,5,100.0
127,Variance,gradient_gldm_DependenceNonUniformity,5,100.0
128,Variance,gradient_gldm_DependenceNonUniformityNormalized,5,100.0
129,Variance,gradient_gldm_DependenceVariance,5,100.0
130,Variance,gradient_gldm_GrayLevelNonUniformity,5,100.0
131,Variance,gradient_gldm_GrayLevelVariance,5,100.0
132,Variance,gradient_gldm_HighGrayLevelEmphasis,5,100.0
133,Variance,gradient_gldm_LargeDependenceEmphasis,5,100.0
134,Variance,gradient_gldm_LargeDependenceHighGrayLevelEmphasis,5,100.0
135,Variance,gradient_gldm_LargeDependenceLowGrayLevelEmphasis,5,100.0
136,Variance,gradient_gldm_LowGrayLevelEmphasis,5,100.0
137,Variance,gradient_gldm_SmallDependenceHighGrayLevelEmphasis,5,100.0
138,Variance,gradient_glrlm_GrayLevelNonUniformity,5,100.0
139,Variance,gradient_glrlm_GrayLevelNonUniformityNormalized,5,100.0
140,Variance,gradient_glrlm_GrayLevelVariance,5,100.0
141,Variance,gradient_glrlm_HighGrayLevelRunEmphasis,5,100.0
142,Variance,gradient_glrlm_LongRunEmphasis,5,100.0
143,Variance,gradient_glrlm_LongRunHighGrayLevelEmphasis,5,100.0
144,Variance,gradient_glrlm_LongRunLowGrayLevelEmphasis,5,100.0
145,Variance,gradient_glrlm_LowGrayLevelRunEmphasis,5,100.0
146,Variance,gradient_glrlm_RunEntropy,5,100.0
147,Variance,gradient_glrlm_RunLengthNonUniformity,5,100.0
148,Variance,gradient_glrlm_RunLengthNonUniformityNormalized,5,100.0
149,Variance,gradient_glrlm_RunPercentage,5,100.0
150,Variance,gradient_glrlm_RunVariance,5,100.0
151,Variance,gradient_glrlm_ShortRunEmphasis,5,100.0
152,Variance,gradient_glrlm_ShortRunHighGrayLevelEmphasis,5,100.0
153,Variance,gradient_glrlm_ShortRunLowGrayLevelEmphasis,5,100.0
154,Variance,gradient_glszm_GrayLevelNonUniformity,5,100.0
155,Variance,gradient_glszm_GrayLevelNonUniformityNormalized,5,100.0
156,Variance,gradient_glszm_GrayLevelVariance,5,100.0
157,Variance,gradient_glszm_HighGrayLevelZoneEmphasis,5,100.0
158,Variance,gradient_glszm_LargeAreaEmphasis,5,100.0
159,Variance,gradient_glszm_LargeAreaHighGrayLevelEmphasis,5,100.0
160,Variance,gradient_glszm_LargeAreaLowGrayLevelEmphasis,5,100.0
161,Variance,gradient_glszm_LowGrayLevelZoneEmphasis,5,100.0
162,Variance,gradient_glszm_SizeZoneNonUniformity,5,100.0
163,Variance,gradient_glszm_SizeZoneNonUniformityNormalized,5,100.0
164,Variance,gradient_glszm_SmallAreaEmphasis,5,100.0
165,Variance,gradient_glszm_SmallAreaHighGrayLevelEmphasis,5,100.0
166,Variance,gradient_glszm_ZoneEntropy,5,100.0
167,Variance,gradient_glszm_ZoneVariance,5,100.0
168,Variance,gradient_ngtdm_Busyness,5,100.0
169,Variance,gradient_ngtdm_Coarseness,5,100.0
170,Variance,gradient_ngtdm_Complexity,5,100.0
171,Variance,gradient_ngtdm_Strength,5,100.0
172,Variance,lbp-2D_firstorder_10Percentile,5,100.0
173,Variance,lbp-2D_firstorder_90Percentile,5,100.0
174,Variance,lbp-2D_firstorder_Energy,5,100.0
175,Variance,lbp-2D_firstorder_InterquartileRange,5,100.0
176,Variance,lbp-2D_firstorder_Kurtosis,5,100.0
177,Variance,lbp-2D_firstorder_Mean,5,100.0
178,Variance,lbp-2D_firstorder_MeanAbsoluteDeviation,5,100.0
179,Variance,lbp-2D_firstorder_Median,5,100.0
180,Variance,lbp-2D_firstorder_Range,5,100.0
181,Variance,lbp-2D_firstorder_RobustMeanAbsoluteDeviation,5,100.0
182,Variance,lbp-2D_firstorder_RootMeanSquared,5,100.0
183,Variance,lbp-2D_firstorder_Skewness,5,100.0
184,Variance,lbp-2D_firstorder_TotalEnergy,5,100.0
185,Variance,lbp-2D_firstorder_Variance,5,100.0
186,Variance,lbp-2D_gldm_DependenceEntropy,5,100.0
187,Variance,lbp-2D_gldm_DependenceNonUniformity,5,100.0
188,Variance,lbp-2D_gldm_DependenceNonUniformityNormalized,5,100.0
189,Variance,lbp-2D_gldm_DependenceVariance,5,100.0
190,Variance,lbp-2D_gldm_GrayLevelNonUniformity,5,100.0
191,Variance,lbp-2D_gldm_LargeDependenceEmphasis,5,100.0
192,Variance,lbp-2D_gldm_LargeDependenceHighGrayLevelEmphasis,5,100.0
193,Variance,lbp-2D_gldm_LargeDependenceLowGrayLevelEmphasis,5,100.0
194,Variance,lbp-2D_glrlm_GrayLevelNonUniformity,5,100.0
195,Variance,lbp-2D_glrlm_LongRunEmphasis,5,100.0
196,Variance,lbp-2D_glrlm_LongRunHighGrayLevelEmphasis,5,100.0
197,Variance,lbp-2D_glrlm_LongRunLowGrayLevelEmphasis,5,100.0
198,Variance,lbp-2D_glrlm_RunEntropy,5,100.0
199,Variance,lbp-2D_glrlm_RunLengthNonUniformity,5,100.0
200,Variance,lbp-2D_glrlm_RunPercentage,5,100.0
201,Variance,lbp-2D_glrlm_RunVariance,5,100.0
202,Variance,lbp-2D_glrlm_ShortRunEmphasis,5,100.0
203,Variance,lbp-2D_glrlm_ShortRunHighGrayLevelEmphasis,5,100.0
204,Variance,lbp-2D_glrlm_ShortRunLowGrayLevelEmphasis,5,100.0
205,Variance,lbp-2D_glszm_GrayLevelNonUniformity,5,100.0
206,Variance,lbp-2D_glszm_LargeAreaEmphasis,5,100.0
207,Variance,lbp-2D_glszm_LargeAreaHighGrayLevelEmphasis,5,100.0
208,Variance,lbp-2D_glszm_LargeAreaLowGrayLevelEmphasis,5,100.0
209,Variance,lbp-2D_glszm_SizeZoneNonUniformity,5,100.0
210,Variance,lbp-2D_glszm_SizeZoneNonUniformityNormalized,5,100.0
211,Variance,lbp-2D_glszm_SmallAreaEmphasis,5,100.0
212,Variance,lbp-2D_glszm_SmallAreaHighGrayLevelEmphasis,5,100.0
213,Variance,lbp-2D_glszm_SmallAreaLowGrayLevelEmphasis,5,100.0
214,Variance,lbp-2D_glszm_ZoneEntropy,5,100.0
215,Variance,lbp-2D_glszm_ZoneVariance,5,100.0
216,Variance,logarithm_firstorder_10Percentile,5,100.0
217,Variance,logarithm_firstorder_90Percentile,5,100.0
218,Variance,logarithm_firstorder_Energy,5,100.0
219,Variance,logarithm_firstorder_Entropy,5,100.0
220,Variance,logarithm_firstorder_InterquartileRange,5,100.0
221,Variance,logarithm_firstorder_Kurtosis,5,100.0
222,Variance,logarithm_firstorder_Maximum,5,100.0
223,Variance,logarithm_firstorder_Mean,5,100.0
224,Variance,logarithm_firstorder_MeanAbsoluteDeviation,5,100.0
225,Variance,logarithm_firstorder_Median,5,100.0
226,Variance,logarithm_firstorder_Minimum,5,100.0
227,Variance,logarithm_firstorder_Range,5,100.0
228,Variance,logarithm_firstorder_RobustMeanAbsoluteDeviation,5,100.0
229,Variance,logarithm_firstorder_RootMeanSquared,5,100.0
230,Variance,logarithm_firstorder_Skewness,5,100.0
231,Variance,logarithm_firstorder_TotalEnergy,5,100.0
232,Variance,logarithm_firstorder_Uniformity,5,100.0
233,Variance,logarithm_firstorder_Variance,5,100.0
234,Variance,logarithm_glcm_Autocorrelation,5,100.0
235,Variance,logarithm_glcm_ClusterProminence,5,100.0
236,Variance,logarithm_glcm_ClusterShade,5,100.0
237,Variance,logarithm_glcm_ClusterTendency,5,100.0
238,Variance,logarithm_glcm_Contrast,5,100.0
239,Variance,logarithm_glcm_Correlation,5,100.0
240,Variance,logarithm_glcm_DifferenceAverage,5,100.0
241,Variance,logarithm_glcm_DifferenceEntropy,5,100.0
242,Variance,logarithm_glcm_DifferenceVariance,5,100.0
243,Variance,logarithm_glcm_Id,5,100.0
244,Variance,logarithm_glcm_Idm,5,100.0
245,Variance,logarithm_glcm_Imc1,5,100.0
246,Variance,logarithm_glcm_Imc2,5,100.0
247,Variance,logarithm_glcm_InverseVariance,5,100.0
248,Variance,logarithm_glcm_JointAverage,5,100.0
249,Variance,logarithm_glcm_JointEnergy,5,100.0
250,Variance,logarithm_glcm_JointEntropy,5,100.0
251,Variance,logarithm_glcm_MCC,5,100.0
252,Variance,logarithm_glcm_MaximumProbability,5,100.0
253,Variance,logarithm_glcm_SumAverage,5,100.0
254,Variance,logarithm_glcm_SumEntropy,5,100.0
255,Variance,logarithm_glcm_SumSquares,5,100.0
256,Variance,logarithm_gldm_DependenceEntropy,5,100.0
257,Variance,logarithm_gldm_DependenceNonUniformity,5,100.0
258,Variance,logarithm_gldm_DependenceVariance,5,100.0
259,Variance,logarithm_gldm_GrayLevelNonUniformity,5,100.0
260,Variance,logarithm_gldm_GrayLevelVariance,5,100.0
261,Variance,logarithm_gldm_HighGrayLevelEmphasis,5,100.0
262,Variance,logarithm_gldm_LargeDependenceEmphasis,5,100.0
263,Variance,logarithm_gldm_LargeDependenceHighGrayLevelEmphasis,5,100.0
264,Variance,logarithm_gldm_LargeDependenceLowGrayLevelEmphasis,5,100.0
265,Variance,logarithm_gldm_LowGrayLevelEmphasis,5,100.0
266,Variance,logarithm_gldm_SmallDependenceHighGrayLevelEmphasis,5,100.0
267,Variance,logarithm_glrlm_GrayLevelNonUniformity,5,100.0
268,Variance,logarithm_glrlm_GrayLevelNonUniformityNormalized,5,100.0
269,Variance,logarithm_glrlm_GrayLevelVariance,5,100.0
270,Variance,logarithm_glrlm_HighGrayLevelRunEmphasis,5,100.0
271,Variance,logarithm_glrlm_LongRunEmphasis,5,100.0
272,Variance,logarithm_glrlm_LongRunHighGrayLevelEmphasis,5,100.0
273,Variance,logarithm_glrlm_LongRunLowGrayLevelEmphasis,5,100.0
274,Variance,logarithm_glrlm_LowGrayLevelRunEmphasis,5,100.0
275,Variance,logarithm_glrlm_RunEntropy,5,100.0
276,Variance,logarithm_glrlm_RunLengthNonUniformity,5,100.0
277,Variance,logarithm_glrlm_RunLengthNonUniformityNormalized,5,100.0
278,Variance,logarithm_glrlm_RunPercentage,5,100.0
279,Variance,logarithm_glrlm_RunVariance,5,100.0
280,Variance,logarithm_glrlm_ShortRunEmphasis,5,100.0
281,Variance,logarithm_glrlm_ShortRunHighGrayLevelEmphasis,5,100.0
282,Variance,logarithm_glrlm_ShortRunLowGrayLevelEmphasis,5,100.0
283,Variance,logarithm_glszm_GrayLevelNonUniformity,5,100.0
284,Variance,logarithm_glszm_GrayLevelNonUniformityNormalized,5,100.0
285,Variance,logarithm_glszm_GrayLevelVariance,5,100.0
286,Variance,logarithm_glszm_HighGrayLevelZoneEmphasis,5,100.0
287,Variance,logarithm_glszm_LargeAreaEmphasis,5,100.0
288,Variance,logarithm_glszm_LargeAreaHighGrayLevelEmphasis,5,100.0
289,Variance,logarithm_glszm_LargeAreaLowGrayLevelEmphasis,5,100.0
290,Variance,logarithm_glszm_LowGrayLevelZoneEmphasis,5,100.0
291,Variance,logarithm_glszm_SizeZoneNonUniformity,5,100.0
292,Variance,logarithm_glszm_SmallAreaEmphasis,5,100.0
293,Variance,logarithm_glszm_SmallAreaHighGrayLevelEmphasis,5,100.0
294,Variance,logarithm_glszm_ZoneEntropy,5,100.0
295,Variance,logarithm_glszm_ZoneVariance,5,100.0
296,Variance,logarithm_ngtdm_Busyness,5,100.0
297,Variance,logarithm_ngtdm_Coarseness,5,100.0
298,Variance,logarithm_ngtdm_Complexity,5,100.0
299,Variance,logarithm_ngtdm_Strength,5,100.0
300,Variance,original_firstorder_10Percentile,5,100.0
301,Variance,original_firstorder_90Percentile,5,100.0
302,Variance,original_firstorder_Energy,5,100.0
303,Variance,original_firstorder_Entropy,5,100.0
304,Variance,original_firstorder_InterquartileRange,5,100.0
305,Variance,original_firstorder_Kurtosis,5,100.0
306,Variance,original_firstorder_Maximum,5,100.0
307,Variance,original_firstorder_Mean,5,100.0
308,Variance,original_firstorder_MeanAbsoluteDeviation,5,100.0
309,Variance,original_firstorder_Median,5,100.0
310,Variance,original_firstorder_Minimum,5,100.0
311,Variance,original_firstorder_Range,5,100.0
312,Variance,original_firstorder_RobustMeanAbsoluteDeviation,5,100.0
313,Variance,original_firstorder_RootMeanSquared,5,100.0
314,Variance,original_firstorder_Skewness,5,100.0
315,Variance,original_firstorder_TotalEnergy,5,100.0
316,Variance,original_firstorder_Uniformity,5,100.0
317,Variance,original_firstorder_Variance,5,100.0
318,Variance,original_glcm_Autocorrelation,5,100.0
319,Variance,original_glcm_ClusterProminence,5,100.0
320,Variance,original_glcm_ClusterShade,5,100.0
321,Variance,original_glcm_ClusterTendency,5,100.0
322,Variance,original_glcm_Contrast,5,100.0
323,Variance,original_glcm_Correlation,5,100.0
324,Variance,original_glcm_DifferenceAverage,5,100.0
325,Variance,original_glcm_DifferenceEntropy,5,100.0
326,Variance,original_glcm_DifferenceVariance,5,100.0
327,Variance,original_glcm_Id,5,100.0
328,Variance,original_glcm_Idm,5,100.0
329,Variance,original_glcm_Imc1,5,100.0
330,Variance,original_glcm_Imc2,5,100.0
331,Variance,original_glcm_JointAverage,5,100.0
332,Variance,original_glcm_JointEnergy,5,100.0
333,Variance,original_glcm_JointEntropy,5,100.0
334,Variance,original_glcm_MCC,5,100.0
335,Variance,original_glcm_MaximumProbability,5,100.0
336,Variance,original_glcm_SumAverage,5,100.0
337,Variance,original_glcm_SumEntropy,5,100.0
338,Variance,original_glcm_SumSquares,5,100.0
339,Variance,original_gldm_DependenceEntropy,5,100.0
340,Variance,original_gldm_DependenceNonUniformity,5,100.0
341,Variance,original_gldm_DependenceVariance,5,100.0
342,Variance,original_gldm_GrayLevelNonUniformity,5,100.0
343,Variance,original_gldm_GrayLevelVariance,5,100.0
344,Variance,original_gldm_HighGrayLevelEmphasis,5,100.0
345,Variance,original_gldm_LargeDependenceEmphasis,5,100.0
346,Variance,original_gldm_LargeDependenceHighGrayLevelEmphasis,5,100.0
347,Variance,original_gldm_LargeDependenceLowGrayLevelEmphasis,5,100.0
348,Variance,original_gldm_SmallDependenceEmphasis,5,100.0
349,Variance,original_gldm_SmallDependenceHighGrayLevelEmphasis,5,100.0
350,Variance,original_glrlm_GrayLevelNonUniformity,5,100.0
351,Variance,original_glrlm_GrayLevelNonUniformityNormalized,5,100.0
352,Variance,original_glrlm_GrayLevelVariance,5,100.0
353,Variance,original_glrlm_HighGrayLevelRunEmphasis,5,100.0
354,Variance,original_glrlm_LongRunEmphasis,5,100.0
355,Variance,original_glrlm_LongRunHighGrayLevelEmphasis,5,100.0
356,Variance,original_glrlm_LongRunLowGrayLevelEmphasis,5,100.0
357,Variance,original_glrlm_RunEntropy,5,100.0
358,Variance,original_glrlm_RunLengthNonUniformity,5,100.0
359,Variance,original_glrlm_RunLengthNonUniformityNormalized,5,100.0
360,Variance,original_glrlm_RunPercentage,5,100.0
361,Variance,original_glrlm_RunVariance,5,100.0
362,Variance,original_glrlm_ShortRunEmphasis,5,100.0
363,Variance,original_glrlm_ShortRunHighGrayLevelEmphasis,5,100.0
364,Variance,original_glszm_GrayLevelNonUniformity,5,100.0
365,Variance,original_glszm_GrayLevelNonUniformityNormalized,5,100.0
366,Variance,original_glszm_GrayLevelVariance,5,100.0
367,Variance,original_glszm_HighGrayLevelZoneEmphasis,5,100.0
368,Variance,original_glszm_LargeAreaEmphasis,5,100.0
369,Variance,original_glszm_LargeAreaHighGrayLevelEmphasis,5,100.0
370,Variance,original_glszm_LargeAreaLowGrayLevelEmphasis,5,100.0
371,Variance,original_glszm_SizeZoneNonUniformity,5,100.0
372,Variance,original_glszm_SizeZoneNonUniformityNormalized,5,100.0
373,Variance,original_glszm_SmallAreaEmphasis,5,100.0
374,Variance,original_glszm_SmallAreaHighGrayLevelEmphasis,5,100.0
375,Variance,original_glszm_ZoneEntropy,5,100.0
376,Variance,original_glszm_ZonePercentage,5,100.0
377,Variance,original_glszm_ZoneVariance,5,100.0
378,Variance,original_ngtdm_Busyness,5,100.0
379,Variance,original_ngtdm_Complexity,5,100.0
380,Variance,original_ngtdm_Contrast,5,100.0
381,Variance,original_ngtdm_Strength,5,100.0
382,Variance,original_shape_Elongation,5,100.0
383,Variance,original_shape_Flatness,5,100.0
384,Variance,original_shape_LeastAxisLength,5,100.0
385,Variance,original_shape_MajorAxisLength,5,100.0
386,Variance,original_shape_Maximum2DDiameterColumn,5,100.0
387,Variance,original_shape_Maximum2DDiameterRow,5,100.0
388,Variance,original_shape_Maximum2DDiameterSlice,5,100.0
389,Variance,original_shape_Maximum3DDiameter,5,100.0
390,Variance,original_shape_MeshVolume,5,100.0
391,Variance,original_shape_MinorAxisLength,5,100.0
392,Variance,original_shape_Sphericity,5,100.0
393,Variance,original_shape_SurfaceArea,5,100.0
394,Variance,original_shape_SurfaceVolumeRatio,5,100.0
395,Variance,original_shape_VoxelVolume,5,100.0
396,Variance,square_firstorder_10Percentile,5,100.0
397,Variance,square_firstorder_90Percentile,5,100.0
398,Variance,square_firstorder_Energy,5,100.0
399,Variance,square_firstorder_Entropy,5,100.0
400,Variance,square_firstorder_InterquartileRange,5,100.0
401,Variance,square_firstorder_Kurtosis,5,100.0
402,Variance,square_firstorder_Maximum,5,100.0
403,Variance,square_firstorder_Mean,5,100.0
404,Variance,square_firstorder_MeanAbsoluteDeviation,5,100.0
405,Variance,square_firstorder_Median,5,100.0
406,Variance,square_firstorder_Minimum,5,100.0
407,Variance,square_firstorder_Range,5,100.0
408,Variance,square_firstorder_RobustMeanAbsoluteDeviation,5,100.0
409,Variance,square_firstorder_RootMeanSquared,5,100.0
410,Variance,square_firstorder_Skewness,5,100.0
411,Variance,square_firstorder_TotalEnergy,5,100.0
412,Variance,square_firstorder_Uniformity,5,100.0
413,Variance,square_firstorder_Variance,5,100.0
414,Variance,square_glcm_Autocorrelation,5,100.0
415,Variance,square_glcm_ClusterProminence,5,100.0
416,Variance,square_glcm_ClusterShade,5,100.0
417,Variance,square_glcm_ClusterTendency,5,100.0
418,Variance,square_glcm_Contrast,5,100.0
419,Variance,square_glcm_Correlation,5,100.0
420,Variance,square_glcm_DifferenceAverage,5,100.0
421,Variance,square_glcm_DifferenceEntropy,5,100.0
422,Variance,square_glcm_DifferenceVariance,5,100.0
423,Variance,square_glcm_Id,5,100.0
424,Variance,square_glcm_Idm,5,100.0
425,Variance,square_glcm_Imc2,5,100.0
426,Variance,square_glcm_JointAverage,5,100.0
427,Variance,square_glcm_JointEnergy,5,100.0
428,Variance,square_glcm_JointEntropy,5,100.0
429,Variance,square_glcm_MCC,5,100.0
430,Variance,square_glcm_MaximumProbability,5,100.0
431,Variance,square_glcm_SumAverage,5,100.0
432,Variance,square_glcm_SumEntropy,5,100.0
433,Variance,square_glcm_SumSquares,5,100.0
434,Variance,square_gldm_DependenceEntropy,5,100.0
435,Variance,square_gldm_DependenceNonUniformity,5,100.0
436,Variance,square_gldm_DependenceVariance,5,100.0
437,Variance,square_gldm_GrayLevelNonUniformity,5,100.0
438,Variance,square_gldm_GrayLevelVariance,5,100.0
439,Variance,square_gldm_HighGrayLevelEmphasis,5,100.0
440,Variance,square_gldm_LargeDependenceEmphasis,5,100.0
441,Variance,square_gldm_LargeDependenceHighGrayLevelEmphasis,5,100.0
442,Variance,square_gldm_LargeDependenceLowGrayLevelEmphasis,5,100.0
443,Variance,square_gldm_SmallDependenceEmphasis,5,100.0
444,Variance,square_gldm_SmallDependenceHighGrayLevelEmphasis,5,100.0
445,Variance,square_glrlm_GrayLevelNonUniformity,5,100.0
446,Variance,square_glrlm_GrayLevelNonUniformityNormalized,5,100.0
447,Variance,square_glrlm_GrayLevelVariance,5,100.0
448,Variance,square_glrlm_HighGrayLevelRunEmphasis,5,100.0
449,Variance,square_glrlm_LongRunEmphasis,5,100.0
450,Variance,square_glrlm_LongRunHighGrayLevelEmphasis,5,100.0
451,Variance,square_glrlm_LongRunLowGrayLevelEmphasis,5,100.0
452,Variance,square_glrlm_RunEntropy,5,100.0
453,Variance,square_glrlm_RunLengthNonUniformity,5,100.0
454,Variance,square_glrlm_RunLengthNonUniformityNormalized,5,100.0
455,Variance,square_glrlm_RunPercentage,5,100.0
456,Variance,square_glrlm_RunVariance,5,100.0
457,Variance,square_glrlm_ShortRunEmphasis,5,100.0
458,Variance,square_glrlm_ShortRunHighGrayLevelEmphasis,5,100.0
459,Variance,square_glszm_GrayLevelNonUniformity,5,100.0
460,Variance,square_glszm_GrayLevelVariance,5,100.0
461,Variance,square_glszm_HighGrayLevelZoneEmphasis,5,100.0
462,Variance,square_glszm_LargeAreaEmphasis,5,100.0
463,Variance,square_glszm_LargeAreaHighGrayLevelEmphasis,5,100.0
464,Variance,square_glszm_LargeAreaLowGrayLevelEmphasis,5,100.0
465,Variance,square_glszm_SizeZoneNonUniformity,5,100.0
466,Variance,square_glszm_SizeZoneNonUniformityNormalized,5,100.0
467,Variance,square_glszm_SmallAreaEmphasis,5,100.0
468,Variance,square_glszm_SmallAreaHighGrayLevelEmphasis,5,100.0
469,Variance,square_glszm_ZoneEntropy,5,100.0
470,Variance,square_glszm_ZonePercentage,5,100.0
471,Variance,square_glszm_ZoneVariance,5,100.0
472,Variance,square_ngtdm_Busyness,5,100.0
473,Variance,square_ngtdm_Complexity,5,100.0
474,Variance,square_ngtdm_Contrast,5,100.0
475,Variance,square_ngtdm_Strength,5,100.0
476,Variance,squareroot_firstorder_10Percentile,5,100.0
477,Variance,squareroot_firstorder_90Percentile,5,100.0
478,Variance,squareroot_firstorder_Energy,5,100.0
479,Variance,squareroot_firstorder_Entropy,5,100.0
480,Variance,squareroot_firstorder_InterquartileRange,5,100.0
481,Variance,squareroot_firstorder_Kurtosis,5,100.0
482,Variance,squareroot_firstorder_Maximum,5,100.0
483,Variance,squareroot_firstorder_Mean,5,100.0
484,Variance,squareroot_firstorder_MeanAbsoluteDeviation,5,100.0
485,Variance,squareroot_firstorder_Median,5,100.0
486,Variance,squareroot_firstorder_Minimum,5,100.0
487,Variance,squareroot_firstorder_Range,5,100.0
488,Variance,squareroot_firstorder_RobustMeanAbsoluteDeviation,5,100.0
489,Variance,squareroot_firstorder_RootMeanSquared,5,100.0
490,Variance,squareroot_firstorder_Skewness,5,100.0
491,Variance,squareroot_firstorder_TotalEnergy,5,100.0
492,Variance,squareroot_firstorder_Uniformity,5,100.0
493,Variance,squareroot_firstorder_Variance,5,100.0
494,Variance,squareroot_glcm_Autocorrelation,5,100.0
495,Variance,squareroot_glcm_ClusterProminence,5,100.0
496,Variance,squareroot_glcm_ClusterShade,5,100.0
497,Variance,squareroot_glcm_ClusterTendency,5,100.0
498,Variance,squareroot_glcm_Contrast,5,100.0
499,Variance,squareroot_glcm_Correlation,5,100.0
500,Variance,squareroot_glcm_DifferenceAverage,5,100.0
501,Variance,squareroot_glcm_DifferenceEntropy,5,100.0
502,Variance,squareroot_glcm_DifferenceVariance,5,100.0
503,Variance,squareroot_glcm_Id,5,100.0
504,Variance,squareroot_glcm_Idm,5,100.0
505,Variance,squareroot_glcm_Imc1,5,100.0
506,Variance,squareroot_glcm_Imc2,5,100.0
507,Variance,squareroot_glcm_JointAverage,5,100.0
508,Variance,squareroot_glcm_JointEnergy,5,100.0
509,Variance,squareroot_glcm_JointEntropy,5,100.0
510,Variance,squareroot_glcm_MCC,5,100.0
511,Variance,squareroot_glcm_MaximumProbability,5,100.0
512,Variance,squareroot_glcm_SumAverage,5,100.0
513,Variance,squareroot_glcm_SumEntropy,5,100.0
514,Variance,squareroot_glcm_SumSquares,5,100.0
515,Variance,squareroot_gldm_DependenceEntropy,5,100.0
516,Variance,squareroot_gldm_DependenceNonUniformity,5,100.0
517,Variance,squareroot_gldm_DependenceVariance,5,100.0
518,Variance,squareroot_gldm_GrayLevelNonUniformity,5,100.0
519,Variance,squareroot_gldm_GrayLevelVariance,5,100.0
520,Variance,squareroot_gldm_HighGrayLevelEmphasis,5,100.0
521,Variance,squareroot_gldm_LargeDependenceEmphasis,5,100.0
522,Variance,squareroot_gldm_LargeDependenceHighGrayLevelEmphasis,5,100.0
523,Variance,squareroot_gldm_LargeDependenceLowGrayLevelEmphasis,5,100.0
524,Variance,squareroot_gldm_LowGrayLevelEmphasis,5,100.0
525,Variance,squareroot_gldm_SmallDependenceHighGrayLevelEmphasis,5,100.0
526,Variance,squareroot_glrlm_GrayLevelNonUniformity,5,100.0
527,Variance,squareroot_glrlm_GrayLevelNonUniformityNormalized,5,100.0
528,Variance,squareroot_glrlm_GrayLevelVariance,5,100.0
529,Variance,squareroot_glrlm_HighGrayLevelRunEmphasis,5,100.0
530,Variance,squareroot_glrlm_LongRunEmphasis,5,100.0
531,Variance,squareroot_glrlm_LongRunHighGrayLevelEmphasis,5,100.0
532,Variance,squareroot_glrlm_LongRunLowGrayLevelEmphasis,5,100.0
533,Variance,squareroot_glrlm_LowGrayLevelRunEmphasis,5,100.0
534,Variance,squareroot_glrlm_RunEntropy,5,100.0
535,Variance,squareroot_glrlm_RunLengthNonUniformity,5,100.0
536,Variance,squareroot_glrlm_RunLengthNonUniformityNormalized,5,100.0
537,Variance,squareroot_glrlm_RunPercentage,5,100.0
538,Variance,squareroot_glrlm_RunVariance,5,100.0
539,Variance,squareroot_glrlm_ShortRunEmphasis,5,100.0
540,Variance,squareroot_glrlm_ShortRunHighGrayLevelEmphasis,5,100.0
541,Variance,squareroot_glszm_GrayLevelNonUniformity,5,100.0
542,Variance,squareroot_glszm_GrayLevelNonUniformityNormalized,5,100.0
543,Variance,squareroot_glszm_GrayLevelVariance,5,100.0
544,Variance,squareroot_glszm_HighGrayLevelZoneEmphasis,5,100.0
545,Variance,squareroot_glszm_LargeAreaEmphasis,5,100.0
546,Variance,squareroot_glszm_LargeAreaHighGrayLevelEmphasis,5,100.0
547,Variance,squareroot_glszm_LargeAreaLowGrayLevelEmphasis,5,100.0
548,Variance,squareroot_glszm_LowGrayLevelZoneEmphasis,5,100.0
549,Variance,squareroot_glszm_SizeZoneNonUniformity,5,100.0
550,Variance,squareroot_glszm_SmallAreaEmphasis,5,100.0
551,Variance,squareroot_glszm_SmallAreaHighGrayLevelEmphasis,5,100.0
552,Variance,squareroot_glszm_ZoneEntropy,5,100.0
553,Variance,squareroot_glszm_ZonePercentage,5,100.0
554,Variance,squareroot_glszm_ZoneVariance,5,100.0
555,Variance,squareroot_ngtdm_Busyness,5,100.0
556,Variance,squareroot_ngtdm_Complexity,5,100.0
557,Variance,squareroot_ngtdm_Contrast,5,100.0
558,Variance,squareroot_ngtdm_Strength,5,100.0
559,Variance,wavelet-HHH_firstorder_10Percentile,5,100.0
560,Variance,wavelet-HHH_firstorder_90Percentile,5,100.0
561,Variance,wavelet-HHH_firstorder_Energy,5,100.0
562,Variance,wavelet-HHH_firstorder_InterquartileRange,5,100.0
563,Variance,wavelet-HHH_firstorder_Kurtosis,5,100.0
564,Variance,wavelet-HHH_firstorder_Maximum,5,100.0
565,Variance,wavelet-HHH_firstorder_MeanAbsoluteDeviation,5,100.0
566,Variance,wavelet-HHH_firstorder_Minimum,5,100.0
567,Variance,wavelet-HHH_firstorder_Range,5,100.0
568,Variance,wavelet-HHH_firstorder_RobustMeanAbsoluteDeviation,5,100.0
569,Variance,wavelet-HHH_firstorder_RootMeanSquared,5,100.0
570,Variance,wavelet-HHH_firstorder_Skewness,5,100.0
571,Variance,wavelet-HHH_firstorder_TotalEnergy,5,100.0
572,Variance,wavelet-HHH_firstorder_Variance,5,100.0
573,Variance,wavelet-HHH_glcm_Autocorrelation,5,100.0
574,Variance,wavelet-HHH_glcm_ClusterProminence,5,100.0
575,Variance,wavelet-HHH_glcm_JointAverage,5,100.0
576,Variance,wavelet-HHH_glcm_SumAverage,5,100.0
577,Variance,wavelet-HHH_gldm_DependenceEntropy,5,100.0
578,Variance,wavelet-HHH_gldm_DependenceNonUniformity,5,100.0
579,Variance,wavelet-HHH_gldm_DependenceVariance,5,100.0
580,Variance,wavelet-HHH_gldm_GrayLevelNonUniformity,5,100.0
581,Variance,wavelet-HHH_gldm_HighGrayLevelEmphasis,5,100.0
582,Variance,wavelet-HHH_gldm_LargeDependenceEmphasis,5,100.0
583,Variance,wavelet-HHH_gldm_LargeDependenceHighGrayLevelEmphasis,5,100.0
584,Variance,wavelet-HHH_gldm_LargeDependenceLowGrayLevelEmphasis,5,100.0
585,Variance,wavelet-HHH_gldm_LowGrayLevelEmphasis,5,100.0
586,Variance,wavelet-HHH_gldm_SmallDependenceHighGrayLevelEmphasis,5,100.0
587,Variance,wavelet-HHH_glrlm_GrayLevelNonUniformity,5,100.0
588,Variance,wavelet-HHH_glrlm_HighGrayLevelRunEmphasis,5,100.0
589,Variance,wavelet-HHH_glrlm_LongRunEmphasis,5,100.0
590,Variance,wavelet-HHH_glrlm_LongRunHighGrayLevelEmphasis,5,100.0
591,Variance,wavelet-HHH_glrlm_LongRunLowGrayLevelEmphasis,5,100.0
592,Variance,wavelet-HHH_glrlm_LowGrayLevelRunEmphasis,5,100.0
593,Variance,wavelet-HHH_glrlm_RunEntropy,5,100.0
594,Variance,wavelet-HHH_glrlm_RunLengthNonUniformity,5,100.0
595,Variance,wavelet-HHH_glrlm_RunVariance,5,100.0
596,Variance,wavelet-HHH_glrlm_ShortRunHighGrayLevelEmphasis,5,100.0
597,Variance,wavelet-HHH_glrlm_ShortRunLowGrayLevelEmphasis,5,100.0
598,Variance,wavelet-HHH_glszm_GrayLevelNonUniformity,5,100.0
599,Variance,wavelet-HHH_glszm_GrayLevelVariance,5,100.0
600,Variance,wavelet-HHH_glszm_HighGrayLevelZoneEmphasis,5,100.0
601,Variance,wavelet-HHH_glszm_LargeAreaEmphasis,5,100.0
602,Variance,wavelet-HHH_glszm_LargeAreaHighGrayLevelEmphasis,5,100.0
603,Variance,wavelet-HHH_glszm_LargeAreaLowGrayLevelEmphasis,5,100.0
604,Variance,wavelet-HHH_glszm_LowGrayLevelZoneEmphasis,5,100.0
605,Variance,wavelet-HHH_glszm_SizeZoneNonUniformity,5,100.0
606,Variance,wavelet-HHH_glszm_SizeZoneNonUniformityNormalized,5,100.0
607,Variance,wavelet-HHH_glszm_SmallAreaEmphasis,5,100.0
608,Variance,wavelet-HHH_glszm_SmallAreaHighGrayLevelEmphasis,5,100.0
609,Variance,wavelet-HHH_glszm_SmallAreaLowGrayLevelEmphasis,5,100.0
610,Variance,wavelet-HHH_glszm_ZoneEntropy,5,100.0
611,Variance,wavelet-HHH_glszm_ZoneVariance,5,100.0
612,Variance,wavelet-HHH_ngtdm_Busyness,5,100.0
613,Variance,wavelet-HHH_ngtdm_Complexity,5,100.0
614,Variance,wavelet-HHL_firstorder_10Percentile,5,100.0
615,Variance,wavelet-HHL_firstorder_90Percentile,5,100.0
616,Variance,wavelet-HHL_firstorder_Energy,5,100.0
617,Variance,wavelet-HHL_firstorder_Entropy,5,100.0
618,Variance,wavelet-HHL_firstorder_InterquartileRange,5,100.0
619,Variance,wavelet-HHL_firstorder_Kurtosis,5,100.0
620,Variance,wavelet-HHL_firstorder_Maximum,5,100.0
621,Variance,wavelet-HHL_firstorder_Mean,5,100.0
622,Variance,wavelet-HHL_firstorder_MeanAbsoluteDeviation,5,100.0
623,Variance,wavelet-HHL_firstorder_Median,5,100.0
624,Variance,wavelet-HHL_firstorder_Minimum,5,100.0
625,Variance,wavelet-HHL_firstorder_Range,5,100.0
626,Variance,wavelet-HHL_firstorder_RobustMeanAbsoluteDeviation,5,100.0
627,Variance,wavelet-HHL_firstorder_RootMeanSquared,5,100.0
628,Variance,wavelet-HHL_firstorder_Skewness,5,100.0
629,Variance,wavelet-HHL_firstorder_TotalEnergy,5,100.0
630,Variance,wavelet-HHL_firstorder_Variance,5,100.0
631,Variance,wavelet-HHL_glcm_Autocorrelation,5,100.0
632,Variance,wavelet-HHL_glcm_ClusterProminence,5,100.0
633,Variance,wavelet-HHL_glcm_ClusterShade,5,100.0
634,Variance,wavelet-HHL_glcm_ClusterTendency,5,100.0
635,Variance,wavelet-HHL_glcm_Contrast,5,100.0
636,Variance,wavelet-HHL_glcm_DifferenceAverage,5,100.0
637,Variance,wavelet-HHL_glcm_DifferenceEntropy,5,100.0
638,Variance,wavelet-HHL_glcm_DifferenceVariance,5,100.0
639,Variance,wavelet-HHL_glcm_Imc2,5,100.0
640,Variance,wavelet-HHL_glcm_JointAverage,5,100.0
641,Variance,wavelet-HHL_glcm_JointEntropy,5,100.0
642,Variance,wavelet-HHL_glcm_MCC,5,100.0
643,Variance,wavelet-HHL_glcm_SumAverage,5,100.0
644,Variance,wavelet-HHL_glcm_SumEntropy,5,100.0
645,Variance,wavelet-HHL_glcm_SumSquares,5,100.0
646,Variance,wavelet-HHL_gldm_DependenceEntropy,5,100.0
647,Variance,wavelet-HHL_gldm_DependenceNonUniformity,5,100.0
648,Variance,wavelet-HHL_gldm_DependenceVariance,5,100.0
649,Variance,wavelet-HHL_gldm_GrayLevelNonUniformity,5,100.0
650,Variance,wavelet-HHL_gldm_GrayLevelVariance,5,100.0
651,Variance,wavelet-HHL_gldm_HighGrayLevelEmphasis,5,100.0
652,Variance,wavelet-HHL_gldm_LargeDependenceEmphasis,5,100.0
653,Variance,wavelet-HHL_gldm_LargeDependenceHighGrayLevelEmphasis,5,100.0
654,Variance,wavelet-HHL_gldm_LargeDependenceLowGrayLevelEmphasis,5,100.0
655,Variance,wavelet-HHL_gldm_LowGrayLevelEmphasis,5,100.0
656,Variance,wavelet-HHL_gldm_SmallDependenceHighGrayLevelEmphasis,5,100.0
657,Variance,wavelet-HHL_glrlm_GrayLevelNonUniformity,5,100.0
658,Variance,wavelet-HHL_glrlm_GrayLevelVariance,5,100.0
659,Variance,wavelet-HHL_glrlm_HighGrayLevelRunEmphasis,5,100.0
660,Variance,wavelet-HHL_glrlm_LongRunEmphasis,5,100.0
661,Variance,wavelet-HHL_glrlm_LongRunHighGrayLevelEmphasis,5,100.0
662,Variance,wavelet-HHL_glrlm_LongRunLowGrayLevelEmphasis,5,100.0
663,Variance,wavelet-HHL_glrlm_LowGrayLevelRunEmphasis,5,100.0
664,Variance,wavelet-HHL_glrlm_RunEntropy,5,100.0
665,Variance,wavelet-HHL_glrlm_RunLengthNonUniformity,5,100.0
666,Variance,wavelet-HHL_glrlm_RunLengthNonUniformityNormalized,5,100.0
667,Variance,wavelet-HHL_glrlm_RunVariance,5,100.0
668,Variance,wavelet-HHL_glrlm_ShortRunHighGrayLevelEmphasis,5,100.0
669,Variance,wavelet-HHL_glrlm_ShortRunLowGrayLevelEmphasis,5,100.0
670,Variance,wavelet-HHL_glszm_GrayLevelNonUniformity,5,100.0
671,Variance,wavelet-HHL_glszm_GrayLevelNonUniformityNormalized,5,100.0
672,Variance,wavelet-HHL_glszm_GrayLevelVariance,5,100.0
673,Variance,wavelet-HHL_glszm_HighGrayLevelZoneEmphasis,5,100.0
674,Variance,wavelet-HHL_glszm_LargeAreaEmphasis,5,100.0
675,Variance,wavelet-HHL_glszm_LargeAreaHighGrayLevelEmphasis,5,100.0
676,Variance,wavelet-HHL_glszm_LargeAreaLowGrayLevelEmphasis,5,100.0
677,Variance,wavelet-HHL_glszm_LowGrayLevelZoneEmphasis,5,100.0
678,Variance,wavelet-HHL_glszm_SizeZoneNonUniformity,5,100.0
679,Variance,wavelet-HHL_glszm_SmallAreaEmphasis,5,100.0
680,Variance,wavelet-HHL_glszm_SmallAreaHighGrayLevelEmphasis,5,100.0
681,Variance,wavelet-HHL_glszm_ZoneEntropy,5,100.0
682,Variance,wavelet-HHL_glszm_ZoneVariance,5,100.0
683,Variance,wavelet-HHL_ngtdm_Busyness,5,100.0
684,Variance,wavelet-HHL_ngtdm_Complexity,5,100.0
685,Variance,wavelet-HHL_ngtdm_Strength,5,100.0
686,Variance,wavelet-HLH_firstorder_10Percentile,5,100.0
687,Variance,wavelet-HLH_firstorder_90Percentile,5,100.0
688,Variance,wavelet-HLH_firstorder_Energy,5,100.0
689,Variance,wavelet-HLH_firstorder_Entropy,5,100.0
690,Variance,wavelet-HLH_firstorder_InterquartileRange,5,100.0
691,Variance,wavelet-HLH_firstorder_Kurtosis,5,100.0
692,Variance,wavelet-HLH_firstorder_Maximum,5,100.0
693,Variance,wavelet-HLH_firstorder_Mean,5,100.0
694,Variance,wavelet-HLH_firstorder_MeanAbsoluteDeviation,5,100.0
695,Variance,wavelet-HLH_firstorder_Median,5,100.0
696,Variance,wavelet-HLH_firstorder_Minimum,5,100.0
697,Variance,wavelet-HLH_firstorder_Range,5,100.0
698,Variance,wavelet-HLH_firstorder_RobustMeanAbsoluteDeviation,5,100.0
699,Variance,wavelet-HLH_firstorder_RootMeanSquared,5,100.0
700,Variance,wavelet-HLH_firstorder_Skewness,5,100.0
701,Variance,wavelet-HLH_firstorder_TotalEnergy,5,100.0
702,Variance,wavelet-HLH_firstorder_Variance,5,100.0
703,Variance,wavelet-HLH_glcm_Autocorrelation,5,100.0
704,Variance,wavelet-HLH_glcm_ClusterProminence,5,100.0
705,Variance,wavelet-HLH_glcm_ClusterShade,5,100.0
706,Variance,wavelet-HLH_glcm_ClusterTendency,5,100.0
707,Variance,wavelet-HLH_glcm_Contrast,5,100.0
708,Variance,wavelet-HLH_glcm_DifferenceEntropy,5,100.0
709,Variance,wavelet-HLH_glcm_DifferenceVariance,5,100.0
710,Variance,wavelet-HLH_glcm_JointAverage,5,100.0
711,Variance,wavelet-HLH_glcm_JointEntropy,5,100.0
712,Variance,wavelet-HLH_glcm_SumAverage,5,100.0
713,Variance,wavelet-HLH_glcm_SumEntropy,5,100.0
714,Variance,wavelet-HLH_glcm_SumSquares,5,100.0
715,Variance,wavelet-HLH_gldm_DependenceEntropy,5,100.0
716,Variance,wavelet-HLH_gldm_DependenceNonUniformity,5,100.0
717,Variance,wavelet-HLH_gldm_DependenceVariance,5,100.0
718,Variance,wavelet-HLH_gldm_GrayLevelNonUniformity,5,100.0
719,Variance,wavelet-HLH_gldm_GrayLevelVariance,5,100.0
720,Variance,wavelet-HLH_gldm_HighGrayLevelEmphasis,5,100.0
721,Variance,wavelet-HLH_gldm_LargeDependenceEmphasis,5,100.0
722,Variance,wavelet-HLH_gldm_LargeDependenceHighGrayLevelEmphasis,5,100.0
723,Variance,wavelet-HLH_gldm_LargeDependenceLowGrayLevelEmphasis,5,100.0
724,Variance,wavelet-HLH_gldm_LowGrayLevelEmphasis,5,100.0
725,Variance,wavelet-HLH_gldm_SmallDependenceHighGrayLevelEmphasis,5,100.0
726,Variance,wavelet-HLH_glrlm_GrayLevelNonUniformity,5,100.0
727,Variance,wavelet-HLH_glrlm_GrayLevelVariance,5,100.0
728,Variance,wavelet-HLH_glrlm_HighGrayLevelRunEmphasis,5,100.0
729,Variance,wavelet-HLH_glrlm_LongRunEmphasis,5,100.0
730,Variance,wavelet-HLH_glrlm_LongRunHighGrayLevelEmphasis,5,100.0
731,Variance,wavelet-HLH_glrlm_LongRunLowGrayLevelEmphasis,5,100.0
732,Variance,wavelet-HLH_glrlm_LowGrayLevelRunEmphasis,5,100.0
733,Variance,wavelet-HLH_glrlm_RunEntropy,5,100.0
734,Variance,wavelet-HLH_glrlm_RunLengthNonUniformity,5,100.0
735,Variance,wavelet-HLH_glrlm_RunVariance,5,100.0
736,Variance,wavelet-HLH_glrlm_ShortRunHighGrayLevelEmphasis,5,100.0
737,Variance,wavelet-HLH_glrlm_ShortRunLowGrayLevelEmphasis,5,100.0
738,Variance,wavelet-HLH_glszm_GrayLevelNonUniformity,5,100.0
739,Variance,wavelet-HLH_glszm_GrayLevelNonUniformityNormalized,5,100.0
740,Variance,wavelet-HLH_glszm_GrayLevelVariance,5,100.0
741,Variance,wavelet-HLH_glszm_HighGrayLevelZoneEmphasis,5,100.0
742,Variance,wavelet-HLH_glszm_LargeAreaEmphasis,5,100.0
743,Variance,wavelet-HLH_glszm_LargeAreaHighGrayLevelEmphasis,5,100.0
744,Variance,wavelet-HLH_glszm_LargeAreaLowGrayLevelEmphasis,5,100.0
745,Variance,wavelet-HLH_glszm_LowGrayLevelZoneEmphasis,5,100.0
746,Variance,wavelet-HLH_glszm_SizeZoneNonUniformity,5,100.0
747,Variance,wavelet-HLH_glszm_SmallAreaEmphasis,5,100.0
748,Variance,wavelet-HLH_glszm_SmallAreaHighGrayLevelEmphasis,5,100.0
749,Variance,wavelet-HLH_glszm_SmallAreaLowGrayLevelEmphasis,5,100.0
750,Variance,wavelet-HLH_glszm_ZoneEntropy,5,100.0
751,Variance,wavelet-HLH_glszm_ZoneVariance,5,100.0
752,Variance,wavelet-HLH_ngtdm_Busyness,5,100.0
753,Variance,wavelet-HLH_ngtdm_Complexity,5,100.0
754,Variance,wavelet-HLH_ngtdm_Strength,5,100.0
755,Variance,wavelet-HLL_firstorder_10Percentile,5,100.0
756,Variance,wavelet-HLL_firstorder_90Percentile,5,100.0
757,Variance,wavelet-HLL_firstorder_Energy,5,100.0
758,Variance,wavelet-HLL_firstorder_Entropy,5,100.0
759,Variance,wavelet-HLL_firstorder_InterquartileRange,5,100.0
760,Variance,wavelet-HLL_firstorder_Kurtosis,5,100.0
761,Variance,wavelet-HLL_firstorder_Maximum,5,100.0
762,Variance,wavelet-HLL_firstorder_Mean,5,100.0
763,Variance,wavelet-HLL_firstorder_MeanAbsoluteDeviation,5,100.0
764,Variance,wavelet-HLL_firstorder_Median,5,100.0
765,Variance,wavelet-HLL_firstorder_Minimum,5,100.0
766,Variance,wavelet-HLL_firstorder_Range,5,100.0
767,Variance,wavelet-HLL_firstorder_RobustMeanAbsoluteDeviation,5,100.0
768,Variance,wavelet-HLL_firstorder_RootMeanSquared,5,100.0
769,Variance,wavelet-HLL_firstorder_Skewness,5,100.0
770,Variance,wavelet-HLL_firstorder_TotalEnergy,5,100.0
771,Variance,wavelet-HLL_firstorder_Uniformity,5,100.0
772,Variance,wavelet-HLL_firstorder_Variance,5,100.0
773,Variance,wavelet-HLL_glcm_Autocorrelation,5,100.0
774,Variance,wavelet-HLL_glcm_ClusterProminence,5,100.0
775,Variance,wavelet-HLL_glcm_ClusterShade,5,100.0
776,Variance,wavelet-HLL_glcm_ClusterTendency,5,100.0
777,Variance,wavelet-HLL_glcm_Contrast,5,100.0
778,Variance,wavelet-HLL_glcm_DifferenceAverage,5,100.0
779,Variance,wavelet-HLL_glcm_DifferenceEntropy,5,100.0
780,Variance,wavelet-HLL_glcm_DifferenceVariance,5,100.0
781,Variance,wavelet-HLL_glcm_Id,5,100.0
782,Variance,wavelet-HLL_glcm_Idm,5,100.0
783,Variance,wavelet-HLL_glcm_Imc2,5,100.0
784,Variance,wavelet-HLL_glcm_JointAverage,5,100.0
785,Variance,wavelet-HLL_glcm_JointEnergy,5,100.0
786,Variance,wavelet-HLL_glcm_JointEntropy,5,100.0
787,Variance,wavelet-HLL_glcm_MCC,5,100.0
788,Variance,wavelet-HLL_glcm_MaximumProbability,5,100.0
789,Variance,wavelet-HLL_glcm_SumAverage,5,100.0
790,Variance,wavelet-HLL_glcm_SumEntropy,5,100.0
791,Variance,wavelet-HLL_glcm_SumSquares,5,100.0
792,Variance,wavelet-HLL_gldm_DependenceEntropy,5,100.0
793,Variance,wavelet-HLL_gldm_DependenceNonUniformity,5,100.0
794,Variance,wavelet-HLL_gldm_DependenceVariance,5,100.0
795,Variance,wavelet-HLL_gldm_GrayLevelNonUniformity,5,100.0
796,Variance,wavelet-HLL_gldm_GrayLevelVariance,5,100.0
797,Variance,wavelet-HLL_gldm_HighGrayLevelEmphasis,5,100.0
798,Variance,wavelet-HLL_gldm_LargeDependenceEmphasis,5,100.0
799,Variance,wavelet-HLL_gldm_LargeDependenceHighGrayLevelEmphasis,5,100.0
800,Variance,wavelet-HLL_gldm_LargeDependenceLowGrayLevelEmphasis,5,100.0
801,Variance,wavelet-HLL_gldm_LowGrayLevelEmphasis,5,100.0
802,Variance,wavelet-HLL_gldm_SmallDependenceEmphasis,5,100.0
803,Variance,wavelet-HLL_gldm_SmallDependenceHighGrayLevelEmphasis,5,100.0
804,Variance,wavelet-HLL_glrlm_GrayLevelNonUniformity,5,100.0
805,Variance,wavelet-HLL_glrlm_GrayLevelNonUniformityNormalized,5,100.0
806,Variance,wavelet-HLL_glrlm_GrayLevelVariance,5,100.0
807,Variance,wavelet-HLL_glrlm_HighGrayLevelRunEmphasis,5,100.0
808,Variance,wavelet-HLL_glrlm_LongRunEmphasis,5,100.0
809,Variance,wavelet-HLL_glrlm_LongRunHighGrayLevelEmphasis,5,100.0
810,Variance,wavelet-HLL_glrlm_LongRunLowGrayLevelEmphasis,5,100.0
811,Variance,wavelet-HLL_glrlm_LowGrayLevelRunEmphasis,5,100.0
812,Variance,wavelet-HLL_glrlm_RunEntropy,5,100.0
813,Variance,wavelet-HLL_glrlm_RunLengthNonUniformity,5,100.0
814,Variance,wavelet-HLL_glrlm_RunLengthNonUniformityNormalized,5,100.0
815,Variance,wavelet-HLL_glrlm_RunPercentage,5,100.0
816,Variance,wavelet-HLL_glrlm_RunVariance,5,100.0
817,Variance,wavelet-HLL_glrlm_ShortRunEmphasis,5,100.0
818,Variance,wavelet-HLL_glrlm_ShortRunHighGrayLevelEmphasis,5,100.0
819,Variance,wavelet-HLL_glrlm_ShortRunLowGrayLevelEmphasis,5,100.0
820,Variance,wavelet-HLL_glszm_GrayLevelNonUniformity,5,100.0
821,Variance,wavelet-HLL_glszm_GrayLevelNonUniformityNormalized,5,100.0
822,Variance,wavelet-HLL_glszm_GrayLevelVariance,5,100.0
823,Variance,wavelet-HLL_glszm_HighGrayLevelZoneEmphasis,5,100.0
824,Variance,wavelet-HLL_glszm_LargeAreaEmphasis,5,100.0
825,Variance,wavelet-HLL_glszm_LargeAreaHighGrayLevelEmphasis,5,100.0
826,Variance,wavelet-HLL_glszm_LargeAreaLowGrayLevelEmphasis,5,100.0
827,Variance,wavelet-HLL_glszm_LowGrayLevelZoneEmphasis,5,100.0
828,Variance,wavelet-HLL_glszm_SizeZoneNonUniformity,5,100.0
829,Variance,wavelet-HLL_glszm_SmallAreaEmphasis,5,100.0
830,Variance,wavelet-HLL_glszm_SmallAreaHighGrayLevelEmphasis,5,100.0
831,Variance,wavelet-HLL_glszm_ZoneEntropy,5,100.0
832,Variance,wavelet-HLL_glszm_ZonePercentage,5,100.0
833,Variance,wavelet-HLL_glszm_ZoneVariance,5,100.0
834,Variance,wavelet-HLL_ngtdm_Busyness,5,100.0
835,Variance,wavelet-HLL_ngtdm_Complexity,5,100.0
836,Variance,wavelet-HLL_ngtdm_Contrast,5,100.0
837,Variance,wavelet-HLL_ngtdm_Strength,5,100.0
838,Variance,wavelet-LHH_firstorder_10Percentile,5,100.0
839,Variance,wavelet-LHH_firstorder_90Percentile,5,100.0
840,Variance,wavelet-LHH_firstorder_Energy,5,100.0
841,Variance,wavelet-LHH_firstorder_Entropy,5,100.0
842,Variance,wavelet-LHH_firstorder_InterquartileRange,5,100.0
843,Variance,wavelet-LHH_firstorder_Kurtosis,5,100.0
844,Variance,wavelet-LHH_firstorder_Maximum,5,100.0
845,Variance,wavelet-LHH_firstorder_Mean,5,100.0
846,Variance,wavelet-LHH_firstorder_MeanAbsoluteDeviation,5,100.0
847,Variance,wavelet-LHH_firstorder_Median,5,100.0
848,Variance,wavelet-LHH_firstorder_Minimum,5,100.0
849,Variance,wavelet-LHH_firstorder_Range,5,100.0
850,Variance,wavelet-LHH_firstorder_RobustMeanAbsoluteDeviation,5,100.0
851,Variance,wavelet-LHH_firstorder_RootMeanSquared,5,100.0
852,Variance,wavelet-LHH_firstorder_Skewness,5,100.0
853,Variance,wavelet-LHH_firstorder_TotalEnergy,5,100.0
854,Variance,wavelet-LHH_firstorder_Variance,5,100.0
855,Variance,wavelet-LHH_glcm_Autocorrelation,5,100.0
856,Variance,wavelet-LHH_glcm_ClusterProminence,5,100.0
857,Variance,wavelet-LHH_glcm_ClusterShade,5,100.0
858,Variance,wavelet-LHH_glcm_ClusterTendency,5,100.0
859,Variance,wavelet-LHH_glcm_Contrast,5,100.0
860,Variance,wavelet-LHH_glcm_DifferenceEntropy,5,100.0
861,Variance,wavelet-LHH_glcm_JointAverage,5,100.0
862,Variance,wavelet-LHH_glcm_JointEntropy,5,100.0
863,Variance,wavelet-LHH_glcm_SumAverage,5,100.0
864,Variance,wavelet-LHH_glcm_SumEntropy,5,100.0
865,Variance,wavelet-LHH_gldm_DependenceEntropy,5,100.0
866,Variance,wavelet-LHH_gldm_DependenceNonUniformity,5,100.0
867,Variance,wavelet-LHH_gldm_DependenceVariance,5,100.0
868,Variance,wavelet-LHH_gldm_GrayLevelNonUniformity,5,100.0
869,Variance,wavelet-LHH_gldm_HighGrayLevelEmphasis,5,100.0
870,Variance,wavelet-LHH_gldm_LargeDependenceEmphasis,5,100.0
871,Variance,wavelet-LHH_gldm_LargeDependenceHighGrayLevelEmphasis,5,100.0
872,Variance,wavelet-LHH_gldm_LargeDependenceLowGrayLevelEmphasis,5,100.0
873,Variance,wavelet-LHH_gldm_LowGrayLevelEmphasis,5,100.0
874,Variance,wavelet-LHH_gldm_SmallDependenceHighGrayLevelEmphasis,5,100.0
875,Variance,wavelet-LHH_glrlm_GrayLevelNonUniformity,5,100.0
876,Variance,wavelet-LHH_glrlm_GrayLevelVariance,5,100.0
877,Variance,wavelet-LHH_glrlm_HighGrayLevelRunEmphasis,5,100.0
878,Variance,wavelet-LHH_glrlm_LongRunEmphasis,5,100.0
879,Variance,wavelet-LHH_glrlm_LongRunHighGrayLevelEmphasis,5,100.0
880,Variance,wavelet-LHH_glrlm_LongRunLowGrayLevelEmphasis,5,100.0
881,Variance,wavelet-LHH_glrlm_LowGrayLevelRunEmphasis,5,100.0
882,Variance,wavelet-LHH_glrlm_RunEntropy,5,100.0
883,Variance,wavelet-LHH_glrlm_RunLengthNonUniformity,5,100.0
884,Variance,wavelet-LHH_glrlm_RunVariance,5,100.0
885,Variance,wavelet-LHH_glrlm_ShortRunHighGrayLevelEmphasis,5,100.0
886,Variance,wavelet-LHH_glrlm_ShortRunLowGrayLevelEmphasis,5,100.0
887,Variance,wavelet-LHH_glszm_GrayLevelNonUniformity,5,100.0
888,Variance,wavelet-LHH_glszm_GrayLevelNonUniformityNormalized,5,100.0
889,Variance,wavelet-LHH_glszm_GrayLevelVariance,5,100.0
890,Variance,wavelet-LHH_glszm_HighGrayLevelZoneEmphasis,5,100.0
891,Variance,wavelet-LHH_glszm_LargeAreaEmphasis,5,100.0
892,Variance,wavelet-LHH_glszm_LargeAreaHighGrayLevelEmphasis,5,100.0
893,Variance,wavelet-LHH_glszm_LargeAreaLowGrayLevelEmphasis,5,100.0
894,Variance,wavelet-LHH_glszm_LowGrayLevelZoneEmphasis,5,100.0
895,Variance,wavelet-LHH_glszm_SizeZoneNonUniformity,5,100.0
896,Variance,wavelet-LHH_glszm_SmallAreaEmphasis,5,100.0
897,Variance,wavelet-LHH_glszm_SmallAreaHighGrayLevelEmphasis,5,100.0
898,Variance,wavelet-LHH_glszm_SmallAreaLowGrayLevelEmphasis,5,100.0
899,Variance,wavelet-LHH_glszm_ZoneEntropy,5,100.0
900,Variance,wavelet-LHH_glszm_ZoneVariance,5,100.0
901,Variance,wavelet-LHH_ngtdm_Busyness,5,100.0
902,Variance,wavelet-LHH_ngtdm_Complexity,5,100.0
903,Variance,wavelet-LHL_firstorder_10Percentile,5,100.0
904,Variance,wavelet-LHL_firstorder_90Percentile,5,100.0
905,Variance,wavelet-LHL_firstorder_Energy,5,100.0
906,Variance,wavelet-LHL_firstorder_Entropy,5,100.0
907,Variance,wavelet-LHL_firstorder_InterquartileRange,5,100.0
908,Variance,wavelet-LHL_firstorder_Kurtosis,5,100.0
909,Variance,wavelet-LHL_firstorder_Maximum,5,100.0
910,Variance,wavelet-LHL_firstorder_Mean,5,100.0
911,Variance,wavelet-LHL_firstorder_MeanAbsoluteDeviation,5,100.0
912,Variance,wavelet-LHL_firstorder_Median,5,100.0
913,Variance,wavelet-LHL_firstorder_Minimum,5,100.0
914,Variance,wavelet-LHL_firstorder_Range,5,100.0
915,Variance,wavelet-LHL_firstorder_RobustMeanAbsoluteDeviation,5,100.0
916,Variance,wavelet-LHL_firstorder_RootMeanSquared,5,100.0
917,Variance,wavelet-LHL_firstorder_Skewness,5,100.0
918,Variance,wavelet-LHL_firstorder_TotalEnergy,5,100.0
919,Variance,wavelet-LHL_firstorder_Uniformity,5,100.0
920,Variance,wavelet-LHL_firstorder_Variance,5,100.0
921,Variance,wavelet-LHL_glcm_Autocorrelation,5,100.0
922,Variance,wavelet-LHL_glcm_ClusterProminence,5,100.0
923,Variance,wavelet-LHL_glcm_ClusterShade,5,100.0
924,Variance,wavelet-LHL_glcm_ClusterTendency,5,100.0
925,Variance,wavelet-LHL_glcm_Contrast,5,100.0
926,Variance,wavelet-LHL_glcm_Correlation,5,100.0
927,Variance,wavelet-LHL_glcm_DifferenceAverage,5,100.0
928,Variance,wavelet-LHL_glcm_DifferenceEntropy,5,100.0
929,Variance,wavelet-LHL_glcm_DifferenceVariance,5,100.0
930,Variance,wavelet-LHL_glcm_Id,5,100.0
931,Variance,wavelet-LHL_glcm_Idm,5,100.0
932,Variance,wavelet-LHL_glcm_Imc2,5,100.0
933,Variance,wavelet-LHL_glcm_JointAverage,5,100.0
934,Variance,wavelet-LHL_glcm_JointEntropy,5,100.0
935,Variance,wavelet-LHL_glcm_MCC,5,100.0
936,Variance,wavelet-LHL_glcm_MaximumProbability,5,100.0
937,Variance,wavelet-LHL_glcm_SumAverage,5,100.0
938,Variance,wavelet-LHL_glcm_SumEntropy,5,100.0
939,Variance,wavelet-LHL_glcm_SumSquares,5,100.0
940,Variance,wavelet-LHL_gldm_DependenceEntropy,5,100.0
941,Variance,wavelet-LHL_gldm_DependenceNonUniformity,5,100.0
942,Variance,wavelet-LHL_gldm_DependenceVariance,5,100.0
943,Variance,wavelet-LHL_gldm_GrayLevelNonUniformity,5,100.0
944,Variance,wavelet-LHL_gldm_GrayLevelVariance,5,100.0
945,Variance,wavelet-LHL_gldm_HighGrayLevelEmphasis,5,100.0
946,Variance,wavelet-LHL_gldm_LargeDependenceEmphasis,5,100.0
947,Variance,wavelet-LHL_gldm_LargeDependenceHighGrayLevelEmphasis,5,100.0
948,Variance,wavelet-LHL_gldm_LargeDependenceLowGrayLevelEmphasis,5,100.0
949,Variance,wavelet-LHL_gldm_LowGrayLevelEmphasis,5,100.0
950,Variance,wavelet-LHL_gldm_SmallDependenceHighGrayLevelEmphasis,5,100.0
951,Variance,wavelet-LHL_glrlm_GrayLevelNonUniformity,5,100.0
952,Variance,wavelet-LHL_glrlm_GrayLevelNonUniformityNormalized,5,100.0
953,Variance,wavelet-LHL_glrlm_GrayLevelVariance,5,100.0
954,Variance,wavelet-LHL_glrlm_HighGrayLevelRunEmphasis,5,100.0
955,Variance,wavelet-LHL_glrlm_LongRunEmphasis,5,100.0
956,Variance,wavelet-LHL_glrlm_LongRunHighGrayLevelEmphasis,5,100.0
957,Variance,wavelet-LHL_glrlm_LongRunLowGrayLevelEmphasis,5,100.0
958,Variance,wavelet-LHL_glrlm_LowGrayLevelRunEmphasis,5,100.0
959,Variance,wavelet-LHL_glrlm_RunEntropy,5,100.0
960,Variance,wavelet-LHL_glrlm_RunLengthNonUniformity,5,100.0
961,Variance,wavelet-LHL_glrlm_RunLengthNonUniformityNormalized,5,100.0
962,Variance,wavelet-LHL_glrlm_RunPercentage,5,100.0
963,Variance,wavelet-LHL_glrlm_RunVariance,5,100.0
964,Variance,wavelet-LHL_glrlm_ShortRunEmphasis,5,100.0
965,Variance,wavelet-LHL_glrlm_ShortRunHighGrayLevelEmphasis,5,100.0
966,Variance,wavelet-LHL_glszm_GrayLevelNonUniformity,5,100.0
967,Variance,wavelet-LHL_glszm_GrayLevelNonUniformityNormalized,5,100.0
968,Variance,wavelet-LHL_glszm_GrayLevelVariance,5,100.0
969,Variance,wavelet-LHL_glszm_HighGrayLevelZoneEmphasis,5,100.0
970,Variance,wavelet-LHL_glszm_LargeAreaEmphasis,5,100.0
971,Variance,wavelet-LHL_glszm_LargeAreaHighGrayLevelEmphasis,5,100.0
972,Variance,wavelet-LHL_glszm_LargeAreaLowGrayLevelEmphasis,5,100.0
973,Variance,wavelet-LHL_glszm_LowGrayLevelZoneEmphasis,5,100.0
974,Variance,wavelet-LHL_glszm_SizeZoneNonUniformity,5,100.0
975,Variance,wavelet-LHL_glszm_SmallAreaEmphasis,5,100.0
976,Variance,wavelet-LHL_glszm_SmallAreaHighGrayLevelEmphasis,5,100.0
977,Variance,wavelet-LHL_glszm_ZoneEntropy,5,100.0
978,Variance,wavelet-LHL_glszm_ZoneVariance,5,100.0
979,Variance,wavelet-LHL_ngtdm_Busyness,5,100.0
980,Variance,wavelet-LHL_ngtdm_Complexity,5,100.0
981,Variance,wavelet-LHL_ngtdm_Strength,5,100.0
982,Variance,wavelet-LLH_firstorder_10Percentile,5,100.0
983,Variance,wavelet-LLH_firstorder_90Percentile,5,100.0
984,Variance,wavelet-LLH_firstorder_Energy,5,100.0
985,Variance,wavelet-LLH_firstorder_Entropy,5,100.0
986,Variance,wavelet-LLH_firstorder_InterquartileRange,5,100.0
987,Variance,wavelet-LLH_firstorder_Kurtosis,5,100.0
988,Variance,wavelet-LLH_firstorder_Maximum,5,100.0
989,Variance,wavelet-LLH_firstorder_Mean,5,100.0
990,Variance,wavelet-LLH_firstorder_MeanAbsoluteDeviation,5,100.0
991,Variance,wavelet-LLH_firstorder_Median,5,100.0
992,Variance,wavelet-LLH_firstorder_Minimum,5,100.0
993,Variance,wavelet-LLH_firstorder_Range,5,100.0
994,Variance,wavelet-LLH_firstorder_RobustMeanAbsoluteDeviation,5,100.0
995,Variance,wavelet-LLH_firstorder_RootMeanSquared,5,100.0
996,Variance,wavelet-LLH_firstorder_Skewness,5,100.0
997,Variance,wavelet-LLH_firstorder_TotalEnergy,5,100.0
998,Variance,wavelet-LLH_firstorder_Variance,5,100.0
999,Variance,wavelet-LLH_glcm_Autocorrelation,5,100.0
1000,Variance,wavelet-LLH_glcm_ClusterProminence,5,100.0
1001,Variance,wavelet-LLH_glcm_ClusterShade,5,100.0
1002,Variance,wavelet-LLH_glcm_ClusterTendency,5,100.0
1003,Variance,wavelet-LLH_glcm_Contrast,5,100.0
1004,Variance,wavelet-LLH_glcm_Correlation,5,100.0
1005,Variance,wavelet-LLH_glcm_DifferenceAverage,5,100.0
1006,Variance,wavelet-LLH_glcm_DifferenceEntropy,5,100.0
1007,Variance,wavelet-LLH_glcm_DifferenceVariance,5,100.0
1008,Variance,wavelet-LLH_glcm_Imc2,5,100.0
1009,Variance,wavelet-LLH_glcm_JointAverage,5,100.0
1010,Variance,wavelet-LLH_glcm_JointEntropy,5,100.0
1011,Variance,wavelet-LLH_glcm_MCC,5,100.0
1012,Variance,wavelet-LLH_glcm_SumAverage,5,100.0
1013,Variance,wavelet-LLH_glcm_SumEntropy,5,100.0
1014,Variance,wavelet-LLH_glcm_SumSquares,5,100.0
1015,Variance,wavelet-LLH_gldm_DependenceEntropy,5,100.0
1016,Variance,wavelet-LLH_gldm_DependenceNonUniformity,5,100.0
1017,Variance,wavelet-LLH_gldm_DependenceVariance,5,100.0
1018,Variance,wavelet-LLH_gldm_GrayLevelNonUniformity,5,100.0
1019,Variance,wavelet-LLH_gldm_GrayLevelVariance,5,100.0
1020,Variance,wavelet-LLH_gldm_HighGrayLevelEmphasis,5,100.0
1021,Variance,wavelet-LLH_gldm_LargeDependenceEmphasis,5,100.0
1022,Variance,wavelet-LLH_gldm_LargeDependenceHighGrayLevelEmphasis,5,100.0
1023,Variance,wavelet-LLH_gldm_LargeDependenceLowGrayLevelEmphasis,5,100.0
1024,Variance,wavelet-LLH_gldm_LowGrayLevelEmphasis,5,100.0
1025,Variance,wavelet-LLH_gldm_SmallDependenceHighGrayLevelEmphasis,5,100.0
1026,Variance,wavelet-LLH_glrlm_GrayLevelNonUniformity,5,100.0
1027,Variance,wavelet-LLH_glrlm_GrayLevelVariance,5,100.0
1028,Variance,wavelet-LLH_glrlm_HighGrayLevelRunEmphasis,5,100.0
1029,Variance,wavelet-LLH_glrlm_LongRunEmphasis,5,100.0
1030,Variance,wavelet-LLH_glrlm_LongRunHighGrayLevelEmphasis,5,100.0
1031,Variance,wavelet-LLH_glrlm_LongRunLowGrayLevelEmphasis,5,100.0
1032,Variance,wavelet-LLH_glrlm_LowGrayLevelRunEmphasis,5,100.0
1033,Variance,wavelet-LLH_glrlm_RunEntropy,5,100.0
1034,Variance,wavelet-LLH_glrlm_RunLengthNonUniformity,5,100.0
1035,Variance,wavelet-LLH_glrlm_RunLengthNonUniformityNormalized,5,100.0
1036,Variance,wavelet-LLH_glrlm_RunPercentage,5,100.0
1037,Variance,wavelet-LLH_glrlm_RunVariance,5,100.0
1038,Variance,wavelet-LLH_glrlm_ShortRunEmphasis,5,100.0
1039,Variance,wavelet-LLH_glrlm_ShortRunHighGrayLevelEmphasis,5,100.0
1040,Variance,wavelet-LLH_glrlm_ShortRunLowGrayLevelEmphasis,5,100.0
1041,Variance,wavelet-LLH_glszm_GrayLevelNonUniformity,5,100.0
1042,Variance,wavelet-LLH_glszm_GrayLevelNonUniformityNormalized,5,100.0
1043,Variance,wavelet-LLH_glszm_GrayLevelVariance,5,100.0
1044,Variance,wavelet-LLH_glszm_HighGrayLevelZoneEmphasis,5,100.0
1045,Variance,wavelet-LLH_glszm_LargeAreaEmphasis,5,100.0
1046,Variance,wavelet-LLH_glszm_LargeAreaHighGrayLevelEmphasis,5,100.0
1047,Variance,wavelet-LLH_glszm_LargeAreaLowGrayLevelEmphasis,5,100.0
1048,Variance,wavelet-LLH_glszm_LowGrayLevelZoneEmphasis,5,100.0
1049,Variance,wavelet-LLH_glszm_SizeZoneNonUniformity,5,100.0
1050,Variance,wavelet-LLH_glszm_SmallAreaEmphasis,5,100.0
1051,Variance,wavelet-LLH_glszm_SmallAreaHighGrayLevelEmphasis,5,100.0
1052,Variance,wavelet-LLH_glszm_ZoneEntropy,5,100.0
1053,Variance,wavelet-LLH_glszm_ZoneVariance,5,100.0
1054,Variance,wavelet-LLH_ngtdm_Busyness,5,100.0
1055,Variance,wavelet-LLH_ngtdm_Complexity,5,100.0
1056,Variance,wavelet-LLH_ngtdm_Strength,5,100.0
1057,Variance,wavelet-LLL_firstorder_10Percentile,5,100.0
1058,Variance,wavelet-LLL_firstorder_90Percentile,5,100.0
1059,Variance,wavelet-LLL_firstorder_Energy,5,100.0
1060,Variance,wavelet-LLL_firstorder_Entropy,5,100.0
1061,Variance,wavelet-LLL_firstorder_InterquartileRange,5,100.0
1062,Variance,wavelet-LLL_firstorder_Kurtosis,5,100.0
1063,Variance,wavelet-LLL_firstorder_Maximum,5,100.0
1064,Variance,wavelet-LLL_firstorder_Mean,5,100.0
1065,Variance,wavelet-LLL_firstorder_MeanAbsoluteDeviation,5,100.0
1066,Variance,wavelet-LLL_firstorder_Median,5,100.0
1067,Variance,wavelet-LLL_firstorder_Minimum,5,100.0
1068,Variance,wavelet-LLL_firstorder_Range,5,100.0
1069,Variance,wavelet-LLL_firstorder_RobustMeanAbsoluteDeviation,5,100.0
1070,Variance,wavelet-LLL_firstorder_RootMeanSquared,5,100.0
1071,Variance,wavelet-LLL_firstorder_Skewness,5,100.0
1072,Variance,wavelet-LLL_firstorder_TotalEnergy,5,100.0
1073,Variance,wavelet-LLL_firstorder_Variance,5,100.0
1074,Variance,wavelet-LLL_glcm_Autocorrelation,5,100.0
1075,Variance,wavelet-LLL_glcm_ClusterProminence,5,100.0
1076,Variance,wavelet-LLL_glcm_ClusterShade,5,100.0
1077,Variance,wavelet-LLL_glcm_ClusterTendency,5,100.0
1078,Variance,wavelet-LLL_glcm_Contrast,5,100.0
1079,Variance,wavelet-LLL_glcm_Correlation,5,100.0
1080,Variance,wavelet-LLL_glcm_DifferenceAverage,5,100.0
1081,Variance,wavelet-LLL_glcm_DifferenceEntropy,5,100.0
1082,Variance,wavelet-LLL_glcm_DifferenceVariance,5,100.0
1083,Variance,wavelet-LLL_glcm_Id,5,100.0
1084,Variance,wavelet-LLL_glcm_Idm,5,100.0
1085,Variance,wavelet-LLL_glcm_InverseVariance,5,100.0
1086,Variance,wavelet-LLL_glcm_JointAverage,5,100.0
1087,Variance,wavelet-LLL_glcm_JointEntropy,5,100.0
1088,Variance,wavelet-LLL_glcm_SumAverage,5,100.0
1089,Variance,wavelet-LLL_glcm_SumEntropy,5,100.0
1090,Variance,wavelet-LLL_glcm_SumSquares,5,100.0
1091,Variance,wavelet-LLL_gldm_DependenceEntropy,5,100.0
1092,Variance,wavelet-LLL_gldm_DependenceNonUniformity,5,100.0
1093,Variance,wavelet-LLL_gldm_DependenceNonUniformityNormalized,5,100.0
1094,Variance,wavelet-LLL_gldm_DependenceVariance,5,100.0
1095,Variance,wavelet-LLL_gldm_GrayLevelNonUniformity,5,100.0
1096,Variance,wavelet-LLL_gldm_GrayLevelVariance,5,100.0
1097,Variance,wavelet-LLL_gldm_HighGrayLevelEmphasis,5,100.0
1098,Variance,wavelet-LLL_gldm_LargeDependenceEmphasis,5,100.0
1099,Variance,wavelet-LLL_gldm_LargeDependenceHighGrayLevelEmphasis,5,100.0
1100,Variance,wavelet-LLL_gldm_LargeDependenceLowGrayLevelEmphasis,5,100.0
1101,Variance,wavelet-LLL_gldm_SmallDependenceEmphasis,5,100.0
1102,Variance,wavelet-LLL_gldm_SmallDependenceHighGrayLevelEmphasis,5,100.0
1103,Variance,wavelet-LLL_glrlm_GrayLevelNonUniformity,5,100.0
1104,Variance,wavelet-LLL_glrlm_GrayLevelVariance,5,100.0
1105,Variance,wavelet-LLL_glrlm_HighGrayLevelRunEmphasis,5,100.0
1106,Variance,wavelet-LLL_glrlm_LongRunEmphasis,5,100.0
1107,Variance,wavelet-LLL_glrlm_LongRunHighGrayLevelEmphasis,5,100.0
1108,Variance,wavelet-LLL_glrlm_RunEntropy,5,100.0
1109,Variance,wavelet-LLL_glrlm_RunLengthNonUniformity,5,100.0
1110,Variance,wavelet-LLL_glrlm_RunLengthNonUniformityNormalized,5,100.0
1111,Variance,wavelet-LLL_glrlm_RunPercentage,5,100.0
1112,Variance,wavelet-LLL_glrlm_RunVariance,5,100.0
1113,Variance,wavelet-LLL_glrlm_ShortRunHighGrayLevelEmphasis,5,100.0
1114,Variance,wavelet-LLL_glszm_GrayLevelNonUniformity,5,100.0
1115,Variance,wavelet-LLL_glszm_GrayLevelVariance,5,100.0
1116,Variance,wavelet-LLL_glszm_HighGrayLevelZoneEmphasis,5,100.0
1117,Variance,wavelet-LLL_glszm_LargeAreaEmphasis,5,100.0
1118,Variance,wavelet-LLL_glszm_LargeAreaHighGrayLevelEmphasis,5,100.0
1119,Variance,wavelet-LLL_glszm_LargeAreaLowGrayLevelEmphasis,5,100.0
1120,Variance,wavelet-LLL_glszm_SizeZoneNonUniformity,5,100.0
1121,Variance,wavelet-LLL_glszm_SizeZoneNonUniformityNormalized,5,100.0
1122,Variance,wavelet-LLL_glszm_SmallAreaEmphasis,5,100.0
1123,Variance,wavelet-LLL_glszm_SmallAreaHighGrayLevelEmphasis,5,100.0
1124,Variance,wavelet-LLL_glszm_ZoneEntropy,5,100.0
1125,Variance,wavelet-LLL_glszm_ZonePercentage,5,100.0
1126,Variance,wavelet-LLL_glszm_ZoneVariance,5,100.0
1127,Variance,wavelet-LLL_ngtdm_Busyness,5,100.0
1128,Variance,wavelet-LLL_ngtdm_Complexity,5,100.0
1129,Variance,wavelet-LLL_ngtdm_Contrast,5,100.0
1130,Variance,wavelet-LLL_ngtdm_Strength,5,100.0
1131,Variance,exponential_gldm_SmallDependenceEmphasis,4,80.0
1132,Variance,exponential_glszm_SizeZoneNonUniformityNormalized,4,80.0
1133,Variance,exponential_glszm_SmallAreaLowGrayLevelEmphasis,4,80.0
1134,Variance,exponential_glszm_ZonePercentage,4,80.0
1135,Variance,gradient_glcm_Imc1,4,80.0
1136,Variance,gradient_gldm_SmallDependenceEmphasis,4,80.0
1137,Variance,gradient_glszm_SmallAreaLowGrayLevelEmphasis,4,80.0
1138,Variance,gradient_glszm_ZonePercentage,4,80.0
1139,Variance,gradient_ngtdm_Contrast,4,80.0
1140,Variance,lbp-2D_firstorder_Maximum,4,80.0
1141,Variance,lbp-2D_firstorder_Minimum,4,80.0
1142,Variance,lbp-2D_glrlm_RunLengthNonUniformityNormalized,4,80.0
1143,Variance,logarithm_gldm_DependenceNonUniformityNormalized,4,80.0
1144,Variance,logarithm_gldm_SmallDependenceEmphasis,4,80.0
1145,Variance,logarithm_glszm_SizeZoneNonUniformityNormalized,4,80.0
1146,Variance,logarithm_glszm_SmallAreaLowGrayLevelEmphasis,4,80.0
1147,Variance,logarithm_glszm_ZonePercentage,4,80.0
1148,Variance,original_glcm_InverseVariance,4,80.0
1149,Variance,original_gldm_DependenceNonUniformityNormalized,4,80.0
1150,Variance,original_gldm_LowGrayLevelEmphasis,4,80.0
1151,Variance,original_glrlm_LowGrayLevelRunEmphasis,4,80.0
1152,Variance,original_glrlm_ShortRunLowGrayLevelEmphasis,4,80.0
1153,Variance,original_glszm_LowGrayLevelZoneEmphasis,4,80.0
1154,Variance,original_glszm_SmallAreaLowGrayLevelEmphasis,4,80.0
1155,Variance,square_glcm_Imc1,4,80.0
1156,Variance,square_glcm_InverseVariance,4,80.0
1157,Variance,square_gldm_DependenceNonUniformityNormalized,4,80.0
1158,Variance,square_gldm_LowGrayLevelEmphasis,4,80.0
1159,Variance,square_glrlm_LowGrayLevelRunEmphasis,4,80.0
1160,Variance,square_glrlm_ShortRunLowGrayLevelEmphasis,4,80.0
1161,Variance,square_glszm_GrayLevelNonUniformityNormalized,4,80.0
1162,Variance,square_glszm_LowGrayLevelZoneEmphasis,4,80.0
1163,Variance,squareroot_glcm_InverseVariance,4,80.0
1164,Variance,squareroot_gldm_DependenceNonUniformityNormalized,4,80.0
1165,Variance,squareroot_gldm_SmallDependenceEmphasis,4,80.0
1166,Variance,squareroot_glrlm_ShortRunLowGrayLevelEmphasis,4,80.0
1167,Variance,squareroot_glszm_SizeZoneNonUniformityNormalized,4,80.0
1168,Variance,squareroot_glszm_SmallAreaLowGrayLevelEmphasis,4,80.0
1169,Variance,wavelet-HHH_firstorder_Mean,4,80.0
1170,Variance,wavelet-HHH_firstorder_Median,4,80.0
1171,Variance,wavelet-HHH_glcm_Idn,4,80.0
1172,Variance,wavelet-HHH_glcm_Imc2,4,80.0
1173,Variance,wavelet-HHH_glcm_MCC,4,80.0
1174,Variance,wavelet-HHH_glrlm_RunLengthNonUniformityNormalized,4,80.0
1175,Variance,wavelet-HHH_glrlm_RunPercentage,4,80.0
1176,Variance,wavelet-HHH_glrlm_ShortRunEmphasis,4,80.0
1177,Variance,wavelet-HHH_glszm_GrayLevelNonUniformityNormalized,4,80.0
1178,Variance,wavelet-HHH_ngtdm_Contrast,4,80.0
1179,Variance,wavelet-HHL_firstorder_Uniformity,4,80.0
1180,Variance,wavelet-HHL_glcm_Correlation,4,80.0
1181,Variance,wavelet-HHL_glcm_Id,4,80.0
1182,Variance,wavelet-HHL_glcm_Idm,4,80.0
1183,Variance,wavelet-HHL_glcm_Idmn,4,80.0
1184,Variance,wavelet-HHL_glcm_Idn,4,80.0
1185,Variance,wavelet-HHL_glcm_InverseVariance,4,80.0
1186,Variance,wavelet-HHL_glcm_JointEnergy,4,80.0
1187,Variance,wavelet-HHL_glcm_MaximumProbability,4,80.0
1188,Variance,wavelet-HHL_gldm_SmallDependenceEmphasis,4,80.0
1189,Variance,wavelet-HHL_glrlm_GrayLevelNonUniformityNormalized,4,80.0
1190,Variance,wavelet-HHL_glrlm_RunPercentage,4,80.0
1191,Variance,wavelet-HHL_glrlm_ShortRunEmphasis,4,80.0
1192,Variance,wavelet-HHL_glszm_SizeZoneNonUniformityNormalized,4,80.0
1193,Variance,wavelet-HHL_glszm_SmallAreaLowGrayLevelEmphasis,4,80.0
1194,Variance,wavelet-HHL_glszm_ZonePercentage,4,80.0
1195,Variance,wavelet-HHL_ngtdm_Contrast,4,80.0
1196,Variance,wavelet-HLH_glcm_Correlation,4,80.0
1197,Variance,wavelet-HLH_glcm_DifferenceAverage,4,80.0
1198,Variance,wavelet-HLH_glcm_Idmn,4,80.0
1199,Variance,wavelet-HLH_glcm_Idn,4,80.0
1200,Variance,wavelet-HLH_glcm_Imc2,4,80.0
1201,Variance,wavelet-HLH_glcm_MCC,4,80.0
1202,Variance,wavelet-HLH_glrlm_RunLengthNonUniformityNormalized,4,80.0
1203,Variance,wavelet-HLH_glrlm_RunPercentage,4,80.0
1204,Variance,wavelet-HLH_glrlm_ShortRunEmphasis,4,80.0
1205,Variance,wavelet-HLH_glszm_SizeZoneNonUniformityNormalized,4,80.0
1206,Variance,wavelet-HLH_ngtdm_Contrast,4,80.0
1207,Variance,wavelet-HLL_glcm_Correlation,4,80.0
1208,Variance,wavelet-HLL_glcm_Imc1,4,80.0
1209,Variance,wavelet-HLL_glcm_InverseVariance,4,80.0
1210,Variance,wavelet-HLL_gldm_DependenceNonUniformityNormalized,4,80.0
1211,Variance,wavelet-HLL_glszm_SizeZoneNonUniformityNormalized,4,80.0
1212,Variance,wavelet-HLL_glszm_SmallAreaLowGrayLevelEmphasis,4,80.0
1213,Variance,wavelet-LHH_glcm_Correlation,4,80.0
1214,Variance,wavelet-LHH_glcm_DifferenceAverage,4,80.0
1215,Variance,wavelet-LHH_glcm_DifferenceVariance,4,80.0
1216,Variance,wavelet-LHH_glcm_Idmn,4,80.0
1217,Variance,wavelet-LHH_glcm_Idn,4,80.0
1218,Variance,wavelet-LHH_glcm_Imc2,4,80.0
1219,Variance,wavelet-LHH_glcm_MCC,4,80.0
1220,Variance,wavelet-LHH_glcm_SumSquares,4,80.0
1221,Variance,wavelet-LHH_gldm_GrayLevelVariance,4,80.0
1222,Variance,wavelet-LHH_glrlm_RunLengthNonUniformityNormalized,4,80.0
1223,Variance,wavelet-LHH_glrlm_RunPercentage,4,80.0
1224,Variance,wavelet-LHH_glrlm_ShortRunEmphasis,4,80.0
1225,Variance,wavelet-LHH_glszm_SizeZoneNonUniformityNormalized,4,80.0
1226,Variance,wavelet-LHH_ngtdm_Contrast,4,80.0
1227,Variance,wavelet-LHH_ngtdm_Strength,4,80.0
1228,Variance,wavelet-LHL_glcm_Imc1,4,80.0
1229,Variance,wavelet-LHL_glcm_InverseVariance,4,80.0
1230,Variance,wavelet-LHL_glcm_JointEnergy,4,80.0
1231,Variance,wavelet-LHL_gldm_DependenceNonUniformityNormalized,4,80.0
1232,Variance,wavelet-LHL_gldm_SmallDependenceEmphasis,4,80.0
1233,Variance,wavelet-LHL_glrlm_ShortRunLowGrayLevelEmphasis,4,80.0
1234,Variance,wavelet-LHL_glszm_SizeZoneNonUniformityNormalized,4,80.0
1235,Variance,wavelet-LHL_glszm_SmallAreaLowGrayLevelEmphasis,4,80.0
1236,Variance,wavelet-LHL_glszm_ZonePercentage,4,80.0
1237,Variance,wavelet-LLH_firstorder_Uniformity,4,80.0
1238,Variance,wavelet-LLH_glcm_Id,4,80.0
1239,Variance,wavelet-LLH_glcm_Idm,4,80.0
1240,Variance,wavelet-LLH_glcm_Imc1,4,80.0
1241,Variance,wavelet-LLH_glcm_InverseVariance,4,80.0
1242,Variance,wavelet-LLH_glcm_JointEnergy,4,80.0
1243,Variance,wavelet-LLH_glcm_MaximumProbability,4,80.0
1244,Variance,wavelet-LLH_glrlm_GrayLevelNonUniformityNormalized,4,80.0
1245,Variance,wavelet-LLH_glszm_SizeZoneNonUniformityNormalized,4,80.0
1246,Variance,wavelet-LLH_glszm_SmallAreaLowGrayLevelEmphasis,4,80.0
1247,Variance,wavelet-LLH_glszm_ZonePercentage,4,80.0
1248,Variance,wavelet-LLL_firstorder_Uniformity,4,80.0
1249,Variance,wavelet-LLL_glcm_Imc1,4,80.0
1250,Variance,wavelet-LLL_glcm_Imc2,4,80.0
1251,Variance,wavelet-LLL_glcm_MCC,4,80.0
1252,Variance,wavelet-LLL_glcm_MaximumProbability,4,80.0
1253,Variance,wavelet-LLL_glrlm_GrayLevelNonUniformityNormalized,4,80.0
1254,Variance,wavelet-LLL_glrlm_LongRunLowGrayLevelEmphasis,4,80.0
1255,Variance,wavelet-LLL_glrlm_ShortRunEmphasis,4,80.0
1256,Variance,wavelet-LLL_glszm_GrayLevelNonUniformityNormalized,4,80.0
1257,Variance,wavelet-LLL_glszm_LowGrayLevelZoneEmphasis,4,80.0
1258,Variance,exponential_glcm_Idn,3,60.0
1259,Variance,gradient_glcm_Idn,3,60.0
1260,Variance,logarithm_glcm_Idn,3,60.0
1261,Variance,logarithm_ngtdm_Contrast,3,60.0
1262,Variance,original_glcm_Idn,3,60.0
1263,Variance,original_ngtdm_Coarseness,3,60.0
1264,Variance,square_glcm_Idn,3,60.0
1265,Variance,square_glszm_SmallAreaLowGrayLevelEmphasis,3,60.0
1266,Variance,square_ngtdm_Coarseness,3,60.0
1267,Variance,squareroot_glcm_Idn,3,60.0
1268,Variance,squareroot_ngtdm_Coarseness,3,60.0
1269,Variance,wavelet-HHH_firstorder_Entropy,3,60.0
1270,Variance,wavelet-HHH_glcm_ClusterShade,3,60.0
1271,Variance,wavelet-HHH_glcm_ClusterTendency,3,60.0
1272,Variance,wavelet-HHH_glcm_Contrast,3,60.0
1273,Variance,wavelet-HHH_glcm_Correlation,3,60.0
1274,Variance,wavelet-HHH_glcm_DifferenceAverage,3,60.0
1275,Variance,wavelet-HHH_glcm_DifferenceEntropy,3,60.0
1276,Variance,wavelet-HHH_glcm_DifferenceVariance,3,60.0
1277,Variance,wavelet-HHH_glcm_Idmn,3,60.0
1278,Variance,wavelet-HHH_glcm_Imc1,3,60.0
1279,Variance,wavelet-HHH_glcm_JointEntropy,3,60.0
1280,Variance,wavelet-HHH_glcm_MaximumProbability,3,60.0
1281,Variance,wavelet-HHH_glcm_SumEntropy,3,60.0
1282,Variance,wavelet-HHH_glcm_SumSquares,3,60.0
1283,Variance,wavelet-HHH_gldm_DependenceNonUniformityNormalized,3,60.0
1284,Variance,wavelet-HHH_gldm_GrayLevelVariance,3,60.0
1285,Variance,wavelet-HHH_gldm_SmallDependenceEmphasis,3,60.0
1286,Variance,wavelet-HHH_glrlm_GrayLevelVariance,3,60.0
1287,Variance,wavelet-HHH_glszm_ZonePercentage,3,60.0
1288,Variance,wavelet-HHH_ngtdm_Strength,3,60.0
1289,Variance,wavelet-HHL_glcm_Imc1,3,60.0
1290,Variance,wavelet-HHL_gldm_DependenceNonUniformityNormalized,3,60.0
1291,Variance,wavelet-HLH_firstorder_Uniformity,3,60.0
1292,Variance,wavelet-HLH_glcm_Id,3,60.0
1293,Variance,wavelet-HLH_glcm_Idm,3,60.0
1294,Variance,wavelet-HLH_glcm_Imc1,3,60.0
1295,Variance,wavelet-HLH_glcm_InverseVariance,3,60.0
1296,Variance,wavelet-HLH_glcm_JointEnergy,3,60.0
1297,Variance,wavelet-HLH_glcm_MaximumProbability,3,60.0
1298,Variance,wavelet-HLH_gldm_SmallDependenceEmphasis,3,60.0
1299,Variance,wavelet-HLH_glrlm_GrayLevelNonUniformityNormalized,3,60.0
1300,Variance,wavelet-HLH_glszm_ZonePercentage,3,60.0
1301,Variance,wavelet-HLL_glcm_Idmn,3,60.0
1302,Variance,wavelet-HLL_glcm_Idn,3,60.0
1303,Variance,wavelet-HLL_ngtdm_Coarseness,3,60.0
1304,Variance,wavelet-LHH_firstorder_Uniformity,3,60.0
1305,Variance,wavelet-LHH_glcm_Id,3,60.0
1306,Variance,wavelet-LHH_glcm_Idm,3,60.0
1307,Variance,wavelet-LHH_glcm_Imc1,3,60.0
1308,Variance,wavelet-LHH_glcm_InverseVariance,3,60.0
1309,Variance,wavelet-LHH_glcm_JointEnergy,3,60.0
1310,Variance,wavelet-LHH_glcm_MaximumProbability,3,60.0
1311,Variance,wavelet-LHH_gldm_SmallDependenceEmphasis,3,60.0
1312,Variance,wavelet-LHH_glrlm_GrayLevelNonUniformityNormalized,3,60.0
1313,Variance,wavelet-LHH_glszm_ZonePercentage,3,60.0
1314,Variance,wavelet-LHL_glcm_Idmn,3,60.0
1315,Variance,wavelet-LHL_glcm_Idn,3,60.0
1316,Variance,wavelet-LHL_ngtdm_Coarseness,3,60.0
1317,Variance,wavelet-LHL_ngtdm_Contrast,3,60.0
1318,Variance,wavelet-LLH_glcm_Idmn,3,60.0
1319,Variance,wavelet-LLH_glcm_Idn,3,60.0
1320,Variance,wavelet-LLH_gldm_SmallDependenceEmphasis,3,60.0
1321,Variance,wavelet-LLH_ngtdm_Coarseness,3,60.0
1322,Variance,wavelet-LLH_ngtdm_Contrast,3,60.0
1323,Variance,wavelet-LLL_glcm_Idn,3,60.0
1324,Variance,wavelet-LLL_glcm_JointEnergy,3,60.0
1325,Variance,wavelet-LLL_gldm_LowGrayLevelEmphasis,3,60.0
1326,Variance,wavelet-LLL_glrlm_LowGrayLevelRunEmphasis,3,60.0
1327,Variance,wavelet-LLL_glrlm_ShortRunLowGrayLevelEmphasis,3,60.0
1328,Variance,wavelet-LLL_glszm_SmallAreaLowGrayLevelEmphasis,3,60.0
1329,Variance,wavelet-LLL_ngtdm_Coarseness,3,60.0
1330,Variance,gradient_glcm_Idmn,1,20.0
